id,from_id,from_name,message,created_time,like_count,comment_count
Y29tbWVudDoxNTA0OTEyMTY0MzU4MDMwXzIwNDUwNTAwMzY0MjgxODc=,minhduc1k99,Minh Đức,"PSG - 187 Bánh Mỳ Nông NghiệpSu Trần Su TrầnSầu Lẻ BóngNguyễn Minh ThưNguyễn Ngọc Mai 1 tuần Trả lời",1 tuần trước,0,0
Y29tbWVudDoxNTA0OTEyMTY0MzU4MDMwXzE1NDIxNDk0NDA2MDEzMTM=,huanhuan.nguyen.1420,Nguyễnss Linh,"Fan cứng PSG - 047 Lan Lan Hoang Hoang TuTu Nguyen 1 tuần Trả lời",1 tuần trước,0,0
Y29tbWVudDoxNTA0OTEyMTY0MzU4MDMwXzE1MzQ3MzUwOTEzNzA1MzU=,nhut2306,Nguyễn Nhựt,"Arsenal thắng 096 Tuấn Lê Thư Minh 1 tuần Trả lời",1 tuần trước,0,0
Y29tbWVudDoxNTA0OTEyMTY0MzU4MDMwXzI3MDY4ODQzNjYyNzY5ODM1,profile.php,Phuc Dang,"Arsenal thắng 336 Vĩ Dương Đỗ Triệu 1 tuần Trả lời",1 tuần trước,0,0
Y29tbWVudDoxNTA0OTEyMTY0MzU4MDMwXzE2OTg2MDM0MDQ2MDQ5MjI=,xinmotitmayman,Minh Đức,"PSG 283 Biebers Nguyen Quốc Đại 1 tuần Trả lời",1 tuần trước,0,0
Y29tbWVudDoxNTA0OTEyMTY0MzU4MDMwXzc1NjY5Nzk2MDgwMDkyMw==,anhtuan2615,Anh Tuấn,"Arsenal thắng 637 Anh Tuấn @ lâm chí Phuong Chi 1 tuần Trả lời",1 tuần trước,0,0
Y29tbWVudDoxNTA0OTEyMTY0MzU4MDMwXzEwMTg0OTAzNjcxOTMyMjU=,khoi.nguyen.173098,Khoi Nguyen,"Arsenal thắng 281 Vĩ Dương Đỗ Triệu 1 tuần Trả lời",1 tuần trước,0,0
Y29tbWVudDoxNTA0OTEyMTY0MzU4MDMwXzk1NjMwNTg3NzE2NzY5Ng==,profile.php,Lâm Hoàng Đức,"ARSENAL THUA 0-3. 343 Duc Thang Duong Lâm Hoàng Đức Hoangcuc Lam 1 tuần Trả lời Đã chỉnh sửa",1 tuần trước,0,0
Y29tbWVudDoxNTA0OTEyMTY0MzU4MDMwXzQzNTY3OTYzNzQ1NjEyNzA=,duc.thang.3572,Nguyễn Đức Thắng,"PSG thắng Huyền Ruby Huyền Trần Nguyễn Ngọc Trang 638 1 tuần Trả lời",1 tuần trước,0,0
Y29tbWVudDoxNTA0OTEyMTY0MzU4MDMwXzQ2MTY1MjY1Mzg2MzM1MDY=,tiendat.tran.50,Tran Tien Dat,"Louis de Voisard PSG ăn 1 tuần Trả lời",1 tuần trước,0,0
Y29tbWVudDoxNTA0OTEyMTY0MzU4MDMwXzQ0MTYyMjU4ODg2MjE2OTE=,thinh.nguyenvan.14855,Thinh Nguyen Van,"PSG thắng+ 268 Thuy Le Phuc Nguyen Van Tri Ngohuu 1 tuần Trả lời",1 tuần trước,0,0
Y29tbWVudDoxNTA0OTEyMTY0MzU4MDMwXzE2NDg2MzMxMjMwMzg3MjA=,nguyen.vien.504,Viễn Nguyễn,"Arsenal 228, Nguyễn Thế Viễn, Vi Thinh 1 tuần Trả lời",1 tuần trước,0,0
Y29tbWVudDoxNTA0OTEyMTY0MzU4MDMwXzI0ODMxNTA4MzU0ODk2NzU=,nguyen.vu.nhat.nam.2024,Nguyen Vu Nhat Nam,"PSG 148 Ngân Hoàng Phương Thuý Nguyễn Phu Ly 1 tuần Trả lời",1 tuần trước,0,0
Y29tbWVudDoxNTA0OTEyMTY0MzU4MDMwXzEzMTA2NjQxNTQ2MDE2OTg=,tran.van.thom.214667,Trần Văn Thơm,"Hào 1:1 đều 1 tuần Trả lời",1 tuần trước,0,0
Y29tbWVudDoxNTA0OTEyMTY0MzU4MDMwXzEwMzY2Nzg4MDIwNTc3Nzk=,mariioopham,Mario Pham,"Có kết quat chưa ad hihi 13 giờ Trả lời 1",13 giờ trước,0,0
Y29tbWVudDoxNTA0OTEyMTY0MzU4MDMwXzE4NzAzOTYwNjAzMjA0OTE=,toi.ten.muoi,Tôi Tên Muội,"PSG thắng + 004 + Châu Thờ Ắn Thắng Phạm Mạnh Ới Ời 1 tuần Trả lời",1 tuần trước,0,0
Y29tbWVudDoxNTA0OTEyMTY0MzU4MDMwXzgyODQzMDAxMzM2OTY5Mw==,znh0cv4pz1790,Le Ky Truc,"Arsenal thắng Smm : 249 Kỳ Linh Tuan Phan 1 tuần Trả lời",1 tuần trước,0,0
Y29tbWVudDoxNTA0OTEyMTY0MzU4MDMwXzk4MDYwNzQzNDgyNzg5OQ==,binhson2712,Vũ Đăng Bình Sơn,"Fan cứng Psg thắng + 427 Mạnh TiếnMartin VũBé Bống 1 tuần Trả lời",1 tuần trước,0,0
Y29tbWVudDoxNTA0OTEyMTY0MzU4MDMwXzI4NTk1ODUyNjc3MTI3ODA=,tuyen.pham.530639,Tuyền Phạm,"Thơm Đào Hiep Tran Luong Tatu Trắng Huỳnh Trương Văn Phú Phuong Cao Bich Huỳnh Minh Thảo Trần Hậu Hn Pham Chinh KT Mạch Minh Thuỳ Nguyễn Thụy Lệ Giang Huỳnh Tịnh 1 tuần Trả lời",1 tuần trước,0,0
Y29tbWVudDoxNTA0OTEyMTY0MzU4MDMwXzgxODk3MzYzNDM5NDgzNA==,le.thanh.binh.971199,Le Thanh Binh,"Arsenal - 280 Nguyễn Thanh Lê Hoàng Phong 1 tuần Trả lời",1 tuần trước,0,0
Y29tbWVudDoxNTA0OTEyMTY0MzU4MDMwXzkzODk0MzA4OTEzMjQyNw==,trandong.02,Trần Đông,"ARSENAL - 232 luong gia Tin Nguyen 1 tuần Trả lời",1 tuần trước,0,0
Y29tbWVudDoxNTA0OTEyMTY0MzU4MDMwXzk3MzQ4OTI2ODg5NTkxNg==,tin.nguyen.220934,Tin Nguyen,"Fan cứng PSG - 111 Trần Đông luong gia 1 tuần Trả lời",1 tuần trước,0,0
Y29tbWVudDoxNTA0OTEyMTY0MzU4MDMwXzk4MDY2NjQ3MTM2ODQ5NA==,diemnguyen303,Diễm Nguyễn,"PSG - 207 Cao Ngoc Đức Nguyễn 1 tuần Trả lời",1 tuần trước,0,0
Y29tbWVudDoxNTA0OTEyMTY0MzU4MDMwXzk5ODAxOTA5OTI1NjQ1Nw==,profile.php,Trần Khánh,"Arsenal 177 Phong Thái Thái Thế Phongi 1 tuần Trả lời",1 tuần trước,0,0
Y29tbWVudDoxNTA0OTEyMTY0MzU4MDMwXzEwMDIxMjY4OTg5NDg4ODM=,profile.php,Vinh Lâm,"PGS 206 Nhi's Review Khánh Nhi 1 tuần Trả lời",1 tuần trước,0,0
Y29tbWVudDoxNTA0OTEyMTY0MzU4MDMwXzEwMjQ0NTE4MjMyNzEwNjQ=,Duc.LP.6,Lê Đức,"Arsenal 207 Phương Tuyền Julishop Võ Nhựt 1 tuần Trả lời",1 tuần trước,0,0
Y29tbWVudDoxNTA0OTEyMTY0MzU4MDMwXzEwNjc5MTA0Nzg5NTAyMTY=,MD.XIII13,Ngô Minh Duy,"Fan cứng PSG - 178 Nguyễn Văn Tuấn, Thanh Hai Ho, Tuấn Phong 1 tuần Trả lời",1 tuần trước,0,0
Y29tbWVudDoxNTA0OTEyMTY0MzU4MDMwXzEyMDMwMTk0NDg1MTU0NTI=,namnguyen.610321,Nam Nguyen,"PSG 1-2 Arsenal 485 Nguyễn Nga Thanh Nguyen 1 tuần Trả lời",1 tuần trước,0,0
Y29tbWVudDoxNTA0OTEyMTY0MzU4MDMwXzEyNzgwMTk4NTA5ODAxMTc=,pahn.hyqu,Phan Quốc Huy,"ARS win - 176 Phan Thắng Phan Hồng Hạnh Tuan Nguyen Da Nang 1 tuần Trả lời",1 tuần trước,0,0
Y29tbWVudDoxNTA0OTEyMTY0MzU4MDMwXzEzMDM4Mjk5Nzg1MjI2NzQ=,cong.van.234116,Cong Van,"Arsenal + 188 Nguyễn Thị Thuận Thiện Madridista 1 tuần Trả lời",1 tuần trước,0,0
Y29tbWVudDoxNTA0OTEyMTY0MzU4MDMwXzEzMDgzNzM5MDQxMzUwNjQ=,phillipngo.le.39,PhillipNgo Le,"Arsenal - 174 Sóc Minh Thư Lê 1 tuần Trả lời",1 tuần trước,0,0
Y29tbWVudDoxNTA0OTEyMTY0MzU4MDMwXzEzMTAyMjI2Njc3NDgxNjY=,vgdao1,Li Văn Pool,"ARSENAL - 369 Linh Minô Hoàng Hùng Dongg Thee Giapp 1 tuần Trả lời",1 tuần trước,0,0
Y29tbWVudDoxNTA0OTEyMTY0MzU4MDMwXzEzMTAyNDk4OTcyNzU0MTQ=,profile.php,Thảo Thảo,"PGS 227 Chiến Em Gia Linh Nguyễn 1 tuần Trả lời",1 tuần trước,0,0
Y29tbWVudDoxNTA0OTEyMTY0MzU4MDMwXzEzMTk4MDI5MDAwODQxNTk=,lan.nguyen.559021,Lan Nguyễn,"PSG - 299 Bỉ Ngạn Nè Trà Mimi Ro Pham 1 tuần Trả lời",1 tuần trước,0,0
Y29tbWVudDoxNTA0OTEyMTY0MzU4MDMwXzEzMzQwNjU3OTE5OTQ3Njk=,profile.php,Tỏi Boo,"PGS 032 Nhi Phì Nhon Nhi Anh 1 tuần Trả lời",1 tuần trước,0,0
Y29tbWVudDoxNTA0OTEyMTY0MzU4MDMwXzEzMzc0NTI5NTE4MTAzNDk=,ichogo.kurosaki.33,Ichogo Kurosaki,"PSG - 208 Ghai Ateny Anai Dot Abubakar Gujjar 1 tuần Trả lời",1 tuần trước,0,0
Y29tbWVudDoxNTA0OTEyMTY0MzU4MDMwXzE0Mzc3MjUzNDE0OTAzNzQ=,profile.php,Nguyễn Huấn HnnH,"Arsenal - 168 Thỏ Vàng Pham Thuy Dung 1 tuần Trả lời",1 tuần trước,0,0
Y29tbWVudDoxNTA0OTEyMTY0MzU4MDMwXzE0NTE3OTczODY3NDU2OTU=,profile.php,Đài Loan,"PSG - 233 H Bảo Thinh Nguyen 1 tuần Trả lời",1 tuần trước,0,0
Y29tbWVudDoxNTA0OTEyMTY0MzU4MDMwXzE0NjIwMjA4Nzg1NTkwNzk=,nguyen.huy.1272010,Huy Nguyen,"PSG 235 Đăng Phan Nguyễn Hưng 1 tuần Trả lời",1 tuần trước,0,0
Y29tbWVudDoxNTA0OTEyMTY0MzU4MDMwXzE0ODYzMzU2OTY1Njk3MjM=,mt.le.52,MT Le,"Fan cứng PSG - 145 PhillipNgo Le Thuy Nguyen 1 tuần Trả lời",1 tuần trước,0,0
Y29tbWVudDoxNTA0OTEyMTY0MzU4MDMwXzE0OTc1MDU0MzUzNzk4MDg=,h.bao.24,H Bảo,"Arsenal + 135 Đài Loan Ngọc Ngà Hoàng Dũng 1 tuần Trả lời",1 tuần trước,0,0
Y29tbWVudDoxNTA0OTEyMTY0MzU4MDMwXzE1MTY2NzU0MzY4NTQ1ODQ=,hanh.bv.2024,Văn Hạnh,"Arsenal - 173 Joseph Kiệt Quốc Cường 1 tuần Trả lời",1 tuần trước,0,0
Y29tbWVudDoxNTA0OTEyMTY0MzU4MDMwXzE1MzIwODIwODUxNjAyNzQ=,profile.php,Khang Nobi,"Fan cứng PGS 132 Quỳnh Như Nhi Lê Hope Luck 1 tuần Trả lời",1 tuần trước,0,0
Y29tbWVudDoxNTA0OTEyMTY0MzU4MDMwXzE1Mzg0NzQwMTc4ODQxODk=,balaxanh.trang,Hùng Phi,"ARS - 016 박정아 Tiến Đạt Hà Linh Võ 1 tuần Trả lời",1 tuần trước,0,0
Y29tbWVudDoxNTA0OTEyMTY0MzU4MDMwXzE1NDU3MjcxNjM1ODI0ODM=,nguyen.van.tuan.523279,Văn Tuấn,"Psg 2-1 asenal 1 tuần Trả lời",1 tuần trước,0,0
Y29tbWVudDoxNTA0OTEyMTY0MzU4MDMwXzE1NDg3MzY5ODMzNDE1NDg=,vo.v.chi.9,Võ Văn Chi,"PSG + 186 Bùi KimBong Bóng BayCR Võ 1 tuần Trả lời",1 tuần trước,0,0
Y29tbWVudDoxNTA0OTEyMTY0MzU4MDMwXzE2MTM3ODI1MjYzODY4NDY=,dudoan.tyso.1,Đăng Phan,"ARSENAL 335 Hoàng Bác Sĩ Hoang Nguyen 1 tuần Trả lời",1 tuần trước,0,0
Y29tbWVudDoxNTA0OTEyMTY0MzU4MDMwXzE2NTM1Njk0OTI1NDY0MTE=,SuperHero5789,Lê Anh Hùng,"PSG - 189 - Nguyễn Văn CươngHoàng Trương Minh 1 tuần Trả lời",1 tuần trước,0,0
Y29tbWVudDoxNTA0OTEyMTY0MzU4MDMwXzE2NzI3Mzk4NjcyODE5MDE=,lephuong.662,Trịnh Văn Phúc,"Arsenal win - 305 Tiền Jimy Phú Nguyễn 1 tuần Trả lời",1 tuần trước,0,0
Y29tbWVudDoxNTA0OTEyMTY0MzU4MDMwXzE2ODY1MjczOTU4OTcwNjg=,thinguyen.lai,Nguyễn Thị Mỹ,"PSG + 066 + Nguyễn Văn TuấnNguyễn Trung Thành 1 tuần Trả lời",1 tuần trước,0,0
Y29tbWVudDoxNTA0OTEyMTY0MzU4MDMwXzE3MDI5MzkyMTQyMzQzMTY=,kkva1hwlfn,Thanh Cuong,"Arsenal - 122 Emma Huỳnh My Tran 1 tuần Trả lời",1 tuần trước,0,0
Y29tbWVudDoxNTA0OTEyMTY0MzU4MDMwXzIxNTU1ODAyMDE4OTA4MzY=,tran.xuan.phong.941869,TrầN XuâN PhonG,"Arsenal + 774 Phi Tên Như KiềU NgọC GiàU Nguyen Hien 1 tuần Trả lời",1 tuần trước,0,0
Y29tbWVudDoxNTA0OTEyMTY0MzU4MDMwXzIxNjQ1OTY2NDc2NjYzNzM=,profile.php,Mao Lucky,"PSG - 048 Yến Nhi Nhi Nguyễn 1 tuần Trả lời",1 tuần trước,0,0
Y29tbWVudDoxNTA0OTEyMTY0MzU4MDMwXzIyMDQ1MjA3NDAzMTAxNzQ=,profile.php,Thảo Việt,"Arsenal 273 Nhi Nhi Ngọc Nhi 1 tuần Trả lời",1 tuần trước,0,0
Y29tbWVudDoxNTA0OTEyMTY0MzU4MDMwXzIyMDU2ODk1ODM1MjIwMjY=,thanhhieunguyen1991,Nguyễn Thành Hiếu,"PSG win- 192 Siêu Trương Le Minh Inno Huynh Nguyen Huy CT 1 tuần Trả lời",1 tuần trước,0,0
Y29tbWVudDoxNTA0OTEyMTY0MzU4MDMwXzIyMjE4MzE0OTUyOTM4ODg=,quan.vu.409079,Quan Vu,"PSG + 273 + Bim Nguyen Nhu Trân Trân 1 tuần Trả lời",1 tuần trước,0,0
Y29tbWVudDoxNTA0OTEyMTY0MzU4MDMwXzIyMjczNDYxMTgwMzM1MTg=,lucas.lam.126077,Lucas Lâm,"PGS - 188 Bé Khủng Lonh Luhita 1 tuần Trả lời",1 tuần trước,0,0
Y29tbWVudDoxNTA0OTEyMTY0MzU4MDMwXzIyNTgwNTkyMDE2ODUzODI=,profile.php,HaiLua Nhat Hoang,"Arsenal - 252 Changhi HienngocShuchin Chi LinhKevin Pháp NT 1 tuần Trả lời",1 tuần trước,0,0
Y29tbWVudDoxNTA0OTEyMTY0MzU4MDMwXzIzODU3MzIzNDg2MTYyMTQ=,ngocngakieudiem,Ngọc Ngà,"PSG + 288 Hoàng Dũng Thế Phương 1 tuần Trả lời",1 tuần trước,0,0
Y29tbWVudDoxNTA0OTEyMTY0MzU4MDMwXzI1NDEzODcwMzYzMjY1MTA=,khanh.ho.815919,Khanh Ho,"Arsenal 1-0 PSG 1 tuần Trả lời",1 tuần trước,0,0
Y29tbWVudDoxNTA0OTEyMTY0MzU4MDMwXzMwMDUzNTY1OTMxODkwOTU=,camvan.maj.3,May GL Maj,"Arsenal - 235 Lê Sen Nhẫn Hậu 1 tuần Trả lời",1 tuần trước,0,0
Y29tbWVudDoxNTA0OTEyMTY0MzU4MDMwXzMwOTU0NjE1ODczMDg1MDY=,profile.php,Ánh Mỹ,"Arsenal 257 Anh Nguyen Bắp Bắp 1 tuần Trả lời",1 tuần trước,0,0
Y29tbWVudDoxNTA0OTEyMTY0MzU4MDMwXzQwNjQ0MjU0MDcxODc5NDc=,vy.tran.328079,Vy Trần,"Arsenal - 274 HÙNG MANC Lê Ngọc An Nhi Nguyễn Kim Tính #GIGABYTE #AORUS #ChampionsLeague #Giveaway #DuDoanHayNhanQuaNgay 1 tuần Trả lời 1",1 tuần trước,0,0
Y29tbWVudDoxNTA0OTEyMTY0MzU4MDMwXzQ0OTE1ODg3NDQ0NTg3ODQ=,duyen.mai.gl,Huong Mai,"PSG - 319 Đinh Minh Ngọc Bùi Thị Phỉ 1 tuần Trả lời",1 tuần trước,0,0
Y29tbWVudDoxNTA0OTEyMTY0MzU4MDMwXzI3MDA0ODE1NTUyNTMzNTk5,dat.ho.dark.blue.1211,Tâm Đạt Hồ,"PSG - 234 Ho Dat Bao Pham 1 tuần Trả lời",1 tuần trước,0,0
Y29tbWVudDoxNTA0OTEyMTY0MzU4MDMwXzI3MDExMTE4NzM4NTU0MDk4,trungintermilan,Trung Nguyễn,"PSG - 266 Băng Dương Hà My Thanh Tùng Phương Thảo 1 tuần Trả lời",1 tuần trước,0,0
Y29tbWVudDoxNTA0OTEyMTY0MzU4MDMwXzI3NDE3MzQ3MzYxMjAzNTI2,profile.php,Đỗ Huy Khang,"PSG + 265 Linh Ái Thanh Nhi 1 tuần Trả lời",1 tuần trước,0,0
Y29tbWVudDoxNTA0OTEyMTY0MzU4MDMwXzI4MTc3MDM1MTk4NTQ5Nzc1,pham.diep.22001,Pham Diep,"Arsenal + 223 Phạm Dung Toàn Duyên Nam 1 tuần Trả lời",1 tuần trước,0,0
Y29tbWVudDoxNTA0OTEyMTY0MzU4MDMwXzE0OTI4MzkyMjU2MzM1NTc=,jill.all.kews,van de sar,"PSG Ngô Hoàng Gia Nguyễn Minh Mai 228 1 tuần Trả lời",1 tuần trước,0,0
Y29tbWVudDoxNTA0OTEyMTY0MzU4MDMwXzE2ODEyNTUyODk1OTA4OTY=,nth.8291,Nguyễn Trọng Hiếu,"PSG - 146 Huỳnh Mai Tuyết My Mai Trang 1 tuần Trả lời",1 tuần trước,0,0
Y29tbWVudDoxNTA0OTEyMTY0MzU4MDMwXzgzNDYzNjI2OTcyMzY5MQ==,phanthanhkhai1988,Cục Vàng Của Ba,"Asernal _ 238 Bùi Thế Quý Viet Hetdas Hồ Ca 1 tuần Trả lời 1",1 tuần trước,0,0
Y29tbWVudDoxNTA0OTEyMTY0MzU4MDMwXzc3MDU1NzQ0NjA1MDc1NA==,profile.php,Nhungg Nhung,"PSG 156 Hoa Tuyet Bùi Vy Chang Hy 1 tuần Trả lời",1 tuần trước,0,0
Y29tbWVudDoxNTA0OTEyMTY0MzU4MDMwXzIyMTQ2MjQyNTU3NzEyMDM=,nhomkinh.cauthang.thai.thu,NhômKính CầuThang Thái Thu,"PSG + 266 Ky Kokoro Nam Trương 1 tuần Trả lời",1 tuần trước,0,0
Y29tbWVudDoxNTA0OTEyMTY0MzU4MDMwXzg2MjEyMTY0Njk0NDM4NA==,namhung.123456,Tuấn Tuan Anh,"Arsenal -275 Nguyen Doai Đức Thọ Văn Minh Văn Le Thuy Dao 1 tuần Trả lời",1 tuần trước,0,0
Y29tbWVudDoxNTA0OTEyMTY0MzU4MDMwXzE2NzExMTAwNDQwMTg3MTE=,hung.ka.501445,Hùng KA,"PSG - 77 Bé Bích Nguyệt Mỹ Tiên Trung Nghĩa 1 tuần Trả lời",1 tuần trước,0,0
Y29tbWVudDoxNTA0OTEyMTY0MzU4MDMwXzMxNzg0MTA1NTU4ODAwMTc=,hung.thu.hai.285697,Hùng Thứ Hai,"Arsenal - 118 Huỳnh Kim Quyên Vo Hasamito Vân Bánh Bao 1 tuần Trả lời",1 tuần trước,0,0
Y29tbWVudDoxNTA0OTEyMTY0MzU4MDMwXzk3MDY4MzI3MjU0NDk1MQ==,hung.manc.2024,HÙNG MANC,"PSG - 184 Đậu Oanh Thành Lê Huy Nguyễn 1 tuần Trả lời",1 tuần trước,0,0
Y29tbWVudDoxNTA0OTEyMTY0MzU4MDMwXzIwODY2NDk4MDE4OTA2NDI=,van.doan.9083,Van Doan,"ARS -182 Bang DoanKhiết Kháu KhỉnhKy Kokoro 1 tuần Trả lời",1 tuần trước,0,0
Y29tbWVudDoxNTA0OTEyMTY0MzU4MDMwXzQzMzkxMDQ5ODI5Njk2ODY=,phuongdung.tphcm,Phuong Dung Nguyen,"Arsenal - 151 Nguyễn Phúc Thi Le Pham 1 tuần Trả lời",1 tuần trước,0,0
Y29tbWVudDoxNTA0OTEyMTY0MzU4MDMwXzEyODE4OTE3ODAzMzI2MTk=,profile.php,Kevin Pháp NT,"PSG - 071 Nguyễn Phan HL ChiShuchin Chi LinhChanghi Hienngoc 1 tuần Trả lời",1 tuần trước,0,0
Y29tbWVudDoxNTA0OTEyMTY0MzU4MDMwXzE5ODQ5MTIwOTg4MDA0NzA=,ohongo.889466,Đỗ Hồng Đỗ,"PSG - 278 Tây Khoai ThuongThuong Nguyen 1 tuần Trả lời",1 tuần trước,0,0
Y29tbWVudDoxNTA0OTEyMTY0MzU4MDMwXzEzMDE5Nzc5NjE1MDY0MTU=,profile.php,Toán Yasua,"PSG - 119 Lan Lan Hoang Hoang Yến Huânn 1 tuần Trả lời",1 tuần trước,0,0
Y29tbWVudDoxNTA0OTEyMTY0MzU4MDMwXzEwMjk0NjM2ODI4NDE0MjQ=,miensini,Miên Sini,"PSG + 285 Haidaibang Le Triệu Tường 1 tuần Trả lời",1 tuần trước,0,0
Y29tbWVudDoxNTA0OTEyMTY0MzU4MDMwXzE5ODkzNzg5NTE5NDEwMTk=,love.nguyen.33483903,Minh Huấn,"PSG - 247 ThuongThuong Nguyen Bôp Nguyen 1 tuần Trả lời",1 tuần trước,0,0
Y29tbWVudDoxNTA0OTEyMTY0MzU4MDMwXzEyNDY4MDA3Nzc1MzEwNjQ=,profile.php,Trung Vu,"Fan cứng PSG - 170 Thanh Thảo Việt Trần NhômKính CầuThang Thái Thu 1 tuần Trả lời",1 tuần trước,0,0
Y29tbWVudDoxNTA0OTEyMTY0MzU4MDMwXzM4ODc1MTI1NjE1NTgyMjU=,profile.php,Henry Lưu,"Arsenal 030 Lưu Ngọc Huy Hùng Minh 1 tuần Trả lời",1 tuần trước,0,0
Y29tbWVudDoxNTA0OTEyMTY0MzU4MDMwXzE2NDI2NjgzNzM2NTY5MTc=,profile.php,Thiện Tâm,"Arsenal 042 Nhi Hà Nhi Vu 1 tuần Trả lời",1 tuần trước,0,0
Y29tbWVudDoxNTA0OTEyMTY0MzU4MDMwXzI0MjI5MzMwMDE1MTQzNjE=,profile.php,Micheal Sun,"PGS 200 Bé Meo Ngọc Linh 1 tuần Trả lời",1 tuần trước,0,0
Y29tbWVudDoxNTA0OTEyMTY0MzU4MDMwXzQ1MTA3MjYzMjkyNDcwMzY=,profile.php,Người May Mắn,"PSG - 682 Quân Liver Quân Liverpudlian Long Liver 1 tuần Trả lời",1 tuần trước,0,0
Y29tbWVudDoxNTA0OTEyMTY0MzU4MDMwXzE0MDgwMzA2ODQ3MDQ2OTM=,linh.mino.165,Linh Minô,"Fan cứng PSG - 537 Hoàng Anh Liver Hoàng Minh Thông 1 tuần Trả lời",1 tuần trước,0,0
Y29tbWVudDoxNTA0OTEyMTY0MzU4MDMwXzE2NzIwOTgwNDczOTYxMzk=,profile.php,Ngọc Ánh,"Arsenal 044 Van Anh Lan Anh 1 tuần Trả lời",1 tuần trước,0,0
Y29tbWVudDoxNTA0OTEyMTY0MzU4MDMwXzI1OTYyNzI2OTA3NzUwOTI=,in.con.353829,Gia Vinh,"Arsenal 067 Thu Chà Lý Huyền Ngọc 1 tuần Trả lời",1 tuần trước,0,0
Y29tbWVudDoxNTA0OTEyMTY0MzU4MDMwXzE2NzIzNzAwMjc0MjI1NzE=,mariioopham,Mario Pham,"PGS 57 Thái Beard Mai Ngoc 1 tuần Trả lời",1 tuần trước,0,0
Y29tbWVudDoxNTA0OTEyMTY0MzU4MDMwXzEzMTMzNDQwNjAyNDU4Nzg=,profile.php,Đông Hà,"PGS 220 Em Đậu Duongw Ang 1 tuần Trả lời",1 tuần trước,0,0
Y29tbWVudDoxNTA0OTEyMTY0MzU4MDMwXzEwNDY1OTI3NTc2OTQ4NTk=,lam.peter.367231,Lâm Peter,"PGS 144 Duong Hồng Anh Bảo An 1 tuần Trả lời",1 tuần trước,0,0
Y29tbWVudDoxNTA0OTEyMTY0MzU4MDMwXzg4MTA1NjI0NTAxNzM4NA==,doduclong.1309,D. Đức Long,"PSG thắng - 105 Ngô Lịch.Ng Duân Candy 1 tuần Trả lời",1 tuần trước,0,0
Y29tbWVudDoxNTA0OTEyMTY0MzU4MDMwXzE5NzA1NTEyMjcxNTY4NzI=,profile.php,Bang Doan,"PSG - 250 Ky KokoroTạ Minh QuảngDongg Thee Giapp 1 tuần Trả lời",1 tuần trước,0,0
Y29tbWVudDoxNTA0OTEyMTY0MzU4MDMwXzkzNDQyMTIyOTY0Njc3Mg==,OPPADUCHN,Nguyễn Minh Đức,"PSG 256 Xoa Nguyen Dao van Minh Băng Băng 1 tuần Trả lời 1",1 tuần trước,0,0
Y29tbWVudDoxNTA0OTEyMTY0MzU4MDMwXzk1NTk4OTE1NzI2ODg0OQ==,lethao.vy.686571,LeThao Vy,"PSG 199 Violet Evergarden Trương Trực 1 tuần Trả lời",1 tuần trước,0,0
Y29tbWVudDoxNTA0OTEyMTY0MzU4MDMwXzE0MzcwOTUxODQ4NTc4ODM=,profile.php,영푹,"Arsenal thắng 276 Nhưt Ngô Huỳnh Văn Nam 1 tuần Trả lời",1 tuần trước,0,0
Y29tbWVudDoxNTA0OTEyMTY0MzU4MDMwXzEyNjUyMjY0MjU2OTA1NzE=,ngoc.nhi.tg,Ngọc Nhi TG,"Arsenal thắng - 114 Đinh Thị Cẩm Hân Đinh Văn Đủ Trịnh T. Tuyết LA 1 tuần Trả lời",1 tuần trước,0,0
Y29tbWVudDoxNTA0OTEyMTY0MzU4MDMwXzEzNDQyMzQwNjc1OTcyMTM=,truongki.khangchien.3,Ngô Quang,"PSG - 208 Tuyết Nguyễn Nguyễn Xí Nguyễn Quỳnh Như 1 tuần Trả lời",1 tuần trước,0,0
Y29tbWVudDoxNTA0OTEyMTY0MzU4MDMwXzQzNjY4NjEwMjAyNTQ0OTQ=,hii.pham.2025,Hii Phạm,"Arsenal - 99 Võ Khắc Luân Phạm Phương Phi Hoa Quách Hii Phạm 1 tuần Trả lời",1 tuần trước,0,0
Y29tbWVudDoxNTA0OTEyMTY0MzU4MDMwXzEzMzIwNTYwMDg4ODI4Mjk=,NguyenNguyenKhang1231,Nguyễn Khang,"Arsenal - 229 Thế Giới Ăn Vặt An Nguyen Hung Nguyen 1 tuần Trả lời",1 tuần trước,0,0
Y29tbWVudDoxNTA0OTEyMTY0MzU4MDMwXzEzMDk3MDIyNjczMzI5NzE=,luan.vo.958050,Luân Võ,"PSG -199 Phi Hoa Quách Gia Huy Phạm Quỳnh Nga Tiny Tiny Hồ 1 tuần Trả lời",1 tuần trước,0,0
Y29tbWVudDoxNTA0OTEyMTY0MzU4MDMwXzI0NDcwOTkxNDIzNzAzMDg=,keroshopne,Ke Ro,"Arsenal thắng 217 Đạt Nro Pi Kachu 1 tuần Trả lời",1 tuần trước,0,0
Y29tbWVudDoxNTA0OTEyMTY0MzU4MDMwXzMzMTk2NDMxNTgxOTYxOTM=,cao.phat.98499,Cao Phat,"PSG Thắng _ 186 Cao Oanh Huyen Felix 1 tuần Trả lời",1 tuần trước,0,0
Y29tbWVudDoxNTA0OTEyMTY0MzU4MDMwXzE1NTc5Mzc1NzI0MTMwMDU=,trai.tim.quy.2024,Trái Tim Quỷ,"Arsenal - 148 Đặng Hải Quân Hoàng Đức Liver 1 tuần Trả lời",1 tuần trước,0,0
Y29tbWVudDoxNTA0OTEyMTY0MzU4MDMwXzgzNzA2MzE3Mjc5MjczOQ==,nguyen.nga.664765,Nguyễn Nga,"PSG - 189 Hoa Bỉ Ngạn Cầu Vồng Khuyết Nguyễn Minh Châu 1 tuần Trả lời",1 tuần trước,0,0
Y29tbWVudDoxNTA0OTEyMTY0MzU4MDMwXzIxMjgyMjcwMDEwNzM3NDg=,minh.pham.658670,Minh Pham,"PSG 731 Phạm Tiến Minh Pham 1 tuần Trả lời",1 tuần trước,0,0
Y29tbWVudDoxNTA0OTEyMTY0MzU4MDMwXzgzMDY2OTExOTc2NDQwOQ==,profile.php,Nguyễn Như,"PSG thắng - 282 Mỹ Nhi Lê Đinh Minh Ngọc Diệu Hiền Đt 1 tuần Trả lời",1 tuần trước,0,0
Y29tbWVudDoxNTA0OTEyMTY0MzU4MDMwXzEwMTg3MzEyNDM5NjY1NjI=,thanh.huynh.604491,Thành Huynh,"Arsenal - 245 Pé Hiền Kim Huynh Phuong Dung Nguyen 1 tuần Trả lời",1 tuần trước,0,0
Y29tbWVudDoxNTA0OTEyMTY0MzU4MDMwXzEwMDc0MzgzMzIyMTM4MzM=,nguyen.thi.hien.807823,Nguyễn Thi Hiền,"PSG - 230 PhAn KhAnh Phuoc Huỳnh Truyen Huong Mai 1 tuần Trả lời",1 tuần trước,0,0
Y29tbWVudDoxNTA0OTEyMTY0MzU4MDMwXzI4MDAwNjk4ODA2MTk4MTM3,inhminhngoc.603447,Đinh Minh Ngọc,"PSG THẮNG - 267 Hồ Thị Thu Ngân Mỹ Nhi Lê Võ T. Ngọc Mai 1 tuần Trả lời",1 tuần trước,0,0
Y29tbWVudDoxNTA0OTEyMTY0MzU4MDMwXzE1MjU2MzE4NTI1NDkzNTg=,luanphinamminh,Luân Phi Nam Minh,"PSG thắng - 164 My K My Trần Ngọc Gia Hân 1 tuần Trả lời",1 tuần trước,0,0
Y29tbWVudDoxNTA0OTEyMTY0MzU4MDMwXzI2ODg5ODYxODgxNDA4MzY=,rosepark.110297,My Rosé,"Arsenal - 300 Bạch Trà Icarus Nguyen 1 tuần Trả lời 1",1 tuần trước,0,0
Y29tbWVudDoxNTA0OTEyMTY0MzU4MDMwXzk3MzgzMDg4NTI0ODE0Mg==,bachxanh.97,Ngờ Vờ Phờ,"PSG - 033 Hoang Quang Hieu Xuka Họ Nguyễn 1 tuần Trả lời",1 tuần trước,0,0
Y29tbWVudDoxNTA0OTEyMTY0MzU4MDMwXzE0ODk0MTMwNjk0ODMxOTU=,nguyen.lan.anh.746051,Lan Anh,"Arsenal - 068 - Công Tâm Tâm Thuy Nguyen Van 1 tuần Trả lời",1 tuần trước,0,0
Y29tbWVudDoxNTA0OTEyMTY0MzU4MDMwXzIyNjA3Njk3NjQ2NjM0ODA=,rubyruby.trang.52,Huyền Ruby,"Fan cứng PSG - 194 - Xuan Tran Nguyễn Đức Thắng 1 tuần Trả lời",1 tuần trước,0,0
Y29tbWVudDoxNTA0OTEyMTY0MzU4MDMwXzE2NDUzMzYzMTMzMzk3NTg=,profile.php,Hậu Phùng,"Arsenal - 029 - Ngọc Đặng Chúc Thị Bích 1 tuần Trả lời",1 tuần trước,0,0
Y29tbWVudDoxNTA0OTEyMTY0MzU4MDMwXzE1MjI0NDY3NDkyNDE1OTQ=,profile.php,Trang Milk,"PSG - 268 - Linh Khánh Hoà Phu Ly 1 tuần Trả lời",1 tuần trước,0,0
Y29tbWVudDoxNTA0OTEyMTY0MzU4MDMwXzE0ODAyNDc3NjM3ODU2NzM=,nguyen.thi.ha.193207,Nguyễn Thị Hạ,"Arsenal - 295 - Phạm Thị Trang Le Thuy Dao 1 tuần Trả lời",1 tuần trước,0,0
Y29tbWVudDoxNTA0OTEyMTY0MzU4MDMwXzIwMjUxODc3NTE0NDM4NjA=,lan.vuphuong.123276,Thu Thuỷ Lita,"PSG - 152 - Phuong Dung Nguyen Đỗ Van Anh 1 tuần Trả lời",1 tuần trước,0,0
Y29tbWVudDoxNTA0OTEyMTY0MzU4MDMwXzkwMDQ3NDc0NjQxNDQzMw==,an.tran.452287,An Trần,"Fan cứng Arsenal - 086 - Tùng Hoàng Ngan Nghiem 1 tuần Trả lời",1 tuần trước,0,0
Y29tbWVudDoxNTA0OTEyMTY0MzU4MDMwXzE2NjAwMTAwMzE3ODQ3Nzc=,vu.nga.149019,Vũ Ngà,"PSG - 217 - Shi Su Lynk Chu 1 tuần Trả lời",1 tuần trước,0,0
Y29tbWVudDoxNTA0OTEyMTY0MzU4MDMwXzE0NjAyMzg1NDU0MTY5Mjk=,thuyduong.trinhthi.90226,Trịnh Thị Thuỳ Dương,"Arsenal - 170 - Rồi Từ Đây Huong Mai 1 tuần Trả lời",1 tuần trước,0,0
Y29tbWVudDoxNTA0OTEyMTY0MzU4MDMwXzE2Nzk4NDcxMjY1OTYxNjE=,hoi.nguyen.714158,Hợi Nguyễn,"PSG - 104 - Gái Họ Văn Minh Tuyền 1 tuần Trả lời",1 tuần trước,0,0
Y29tbWVudDoxNTA0OTEyMTY0MzU4MDMwXzEzMDU2NDIzNDEwNjMwOTc=,huyen.nguyen.257392,Huyền Nguyễn,"Arsenal - 133 - Mark Mạnh Bi Hoàng 1 tuần Trả lời",1 tuần trước,0,0
Y29tbWVudDoxNTA0OTEyMTY0MzU4MDMwXzE2NTA3MTE3MzI4MjA1NDQ=,khanh.ngan.35750,Khánh Ngân,"PSG thắng 366 Bùi Diệp Chi Bão Ngọc 1 tuần Trả lời",1 tuần trước,0,0
Y29tbWVudDoxNTA0OTEyMTY0MzU4MDMwXzE0OTE4NDE3OTkwOTQxMDc=,nguyen.xi.872433,Nguyễn Xí,"PSG - 035 Tuyết Nguyễn The Gioi Hoa Binh Nguyễn Quỳnh Như 1 tuần Trả lời",1 tuần trước,0,0
Y29tbWVudDoxNTA0OTEyMTY0MzU4MDMwXzk1MjUyNTM1NzYxNjkxNQ==,profile.php,Diệu Hiền Đt,"PSG thắng - 231 Đinh Minh Ngọc Ngọc Nhi TG Trịnh T. Tuyết LA 1 tuần Trả lời",1 tuần trước,0,0
Y29tbWVudDoxNTA0OTEyMTY0MzU4MDMwXzEzMTk1OTQ5MzY3OTU0OTk=,lan.phuong.hong.2025,Lan Phượng Hồng,"PSG - 244 Hà Thanh Thanh Lan Phượng Hồng Hii Phạm Phạm Phương 1 tuần Trả lời",1 tuần trước,0,0
Y29tbWVudDoxNTA0OTEyMTY0MzU4MDMwXzIyMjEzNDc2MjIwMDg3Mzc=,bui.thi.phi.2025,Bùi Thị Phỉ,"Arsenal thắng - 256 Đinh Thị Cẩm Hân Đinh Ngọc-Miền Tây Trịnh T. Tuyết LA 1 tuần Trả lời",1 tuần trước,0,0
Y29tbWVudDoxNTA0OTEyMTY0MzU4MDMwXzEwMDkxMTM3ODgyODM3ODE=,trinh.t.tuyet.la,Trịnh T. Tuyết LA,"PSG thắng Ngọc Ngọc Ngọc Đm Hồ Thị Thu Ngân BT Lan Hương 177 1 tuần Trả lời",1 tuần trước,0,0
Y29tbWVudDoxNTA0OTEyMTY0MzU4MDMwXzk0MjM4OTc3MjA5NTgxMg==,ngo.lich.626957,Ngô Lịch,"Arsenal thắng 249 Vicky Lan Nguyễn.Nguyễn Lê Doan 1 tuần Trả lời",1 tuần trước,0,0
Y29tbWVudDoxNTA0OTEyMTY0MzU4MDMwXzE1MzQyOTA4ODQ5MTk0Mzg=,nguyen.duan.candy,Ng Duân Candy,"PSG thắng - 108 D. Đức Long.Ngô Lịch 1 tuần Trả lời",1 tuần trước,0,0
Y29tbWVudDoxNTA0OTEyMTY0MzU4MDMwXzE1MzY2Mjg4NjQ4MzY0MzE=,inhthicamhan,Đinh Thị Cẩm Hân,"PSG thắng - 277 Trịnh T. Tuyết LA BT Lan Hương Đinh Minh Ngọc 1 tuần Trả lời",1 tuần trước,0,0
Y29tbWVudDoxNTA0OTEyMTY0MzU4MDMwXzE5NDQ4NTI0NDk1NDc1Mjc=,vo.t.ngoc.mai,Võ T. Ngọc Mai,"PSG thắng - 299 Ngọc Ngọc Ngọc Đm Đinh Thị Cẩm Hân BT Lan Hương 1 tuần Trả lời",1 tuần trước,0,0
Y29tbWVudDoxNTA0OTEyMTY0MzU4MDMwXzEwMjE0MDAwNzM2NDc4OTc=,MMA.DUO.2026,Pham Quoc Viet Jr.,"PSG - 175 Cr Vũ Nguyễn Tú 1 tuần Trả lời",1 tuần trước,0,0
Y29tbWVudDoxNTA0OTEyMTY0MzU4MDMwXzE5Mzg3NzUyMzY4MTM5NTI=,profile.php,Huyền Duyên,"PSG - 635 Vũ Nguyễn Nguyễn Khánh Yuri Hà Lê Vi Hà Hải Âu 1 tuần Trả lời",1 tuần trước,0,0
Y29tbWVudDoxNTA0OTEyMTY0MzU4MDMwXzEzMjQwMTgxNzIzOTI3MjA=,bosusu.0363222589va0934212589,Đặng Ngoc Tuyền,"PSG + 89 Đặng Haan Nguyễn Thị Cửu 1 tuần Trả lời",1 tuần trước,0,0
Y29tbWVudDoxNTA0OTEyMTY0MzU4MDMwXzk2NDMyNDYwOTgzMjIzMQ==,k1m.junior1001,Khoa Nguyen,"PSG thắng Tùng Dương Khánh An Khâm Buôn Khang Lựu Đạn Hoàng Khang 277 1 tuần Trả lời",1 tuần trước,0,0
Y29tbWVudDoxNTA0OTEyMTY0MzU4MDMwXzEwOTIwNDc5OTM5OTcxMTE=,khoak1m1001,Khoa Minh Nguyen,"Fan cứng PSG thắng Minh Anh Nguyễn Anh Khoa Hùng Bùi Duy Nguyễn Kim Sath 63 1 tuần Trả lời",1 tuần trước,0,0
Y29tbWVudDoxNTA0OTEyMTY0MzU4MDMwXzExNTA4OTA3MzA1MzY0MDg=,minhngoc.huynh.583,Huỳnh Yến Linhh,"PSG THẮNG - 284 Nhu Huynh Huỳnh Phi Phi HuỳNh DuY AG 1 tuần Trả lời",1 tuần trước,0,0
Y29tbWVudDoxNTA0OTEyMTY0MzU4MDMwXzg2MDA4NTUzOTg2MDU1OQ==,ngo.thuan.183117,Ngô Thuận,"PSG - 162 Thanh Hằng Nguyễn Oanh Nguyễn Văn An 1 tuần Trả lời",1 tuần trước,0,0
Y29tbWVudDoxNTA0OTEyMTY0MzU4MDMwXzQzMzc3Nzg5MDY0Mzc4NDA=,khoai.lang.440291,Khoai Lang,"PSG + 128 Trung Nguyễn Nguyễn Đỗ Kim Hoàng Linh Dễ Thương 1 tuần Trả lời",1 tuần trước,0,0
Y29tbWVudDoxNTA0OTEyMTY0MzU4MDMwXzE5ODQ5MTU2NTU0NjExMTY=,lam.thuycry,Lam Thuycry,"PSG - 297 Lâm Bình Nguyễn Ngânn Nha 1 tuần Trả lời",1 tuần trước,0,0
Y29tbWVudDoxNTA0OTEyMTY0MzU4MDMwXzc0MjI0OTMzNTYxMzQ0Nw==,dinhminhngoc99,Ngọc Nữ Nữ,"PSG thắng - 265 Ngọc Nhi TG Đinh Minh Ngọc Ngọc Minh Minh 1 tuần Trả lời",1 tuần trước,0,0
Y29tbWVudDoxNTA0OTEyMTY0MzU4MDMwXzE0Njc0MDY5NzQ2MDE2NDI=,phuong.thao.76580,Phương Thảo,"Arsenal + 163 Trai Đẹp QB Hùng Trần Khiết Kháu Khỉnh 1 tuần Trả lời",1 tuần trước,0,0
Y29tbWVudDoxNTA0OTEyMTY0MzU4MDMwXzIzMzg2OTI3MjY2MTY3MTc=,luong.gia.07,luong gia,"ARSENAL - 219 Tin Nguyen Trần Đông 1 tuần Trả lời",1 tuần trước,0,0
Y29tbWVudDoxNTA0OTEyMTY0MzU4MDMwXzk3ODUxMTU5ODM2ODEzNA==,ngoc.ngoc.ngoc.33931,Ngọc Ngọc Ngọc Đm,"PSG - 153 Mai Mai Nhi VH Hồ Thị Thu Ngân Trịnh T. Tuyết LA 1 tuần Trả lời",1 tuần trước,0,0
Y29tbWVudDoxNTA0OTEyMTY0MzU4MDMwXzI0NjAxNDQzNDExMjU4MDM=,profile.php,Trai Họ Trần,"PSG - 195 Trai Đẹp QB Tran Thao 1 tuần Trả lời",1 tuần trước,0,0
Y29tbWVudDoxNTA0OTEyMTY0MzU4MDMwXzIyMjEyNjk0MDUyODc0Mjg=,ryantruong215,TC Khanh,"Arsenal thắng 282 Lan Anh Nguyễn VyVy 1 tuần Trả lời",1 tuần trước,0,0
Y29tbWVudDoxNTA0OTEyMTY0MzU4MDMwXzE0NTY5MDk1ODU3NDQxOTE=,phong.le.946,Lê Hoàng Phong,"PSG - 274 Nhu Quynh LA Vân Ngân 1 tuần Trả lời",1 tuần trước,0,0
Y29tbWVudDoxNTA0OTEyMTY0MzU4MDMwXzEwMTExMTYyMTQ2NzQ3Njc=,manh.hung.688560,Gia Hoàng,"PSG thắng 467 Tiến Huyền Lý Quốc Huy Huyy Huyy 1 tuần Trả lời",1 tuần trước,0,0
Y29tbWVudDoxNTA0OTEyMTY0MzU4MDMwXzEyMTQ4NjE3ODA2MjU0MTA=,chinh.nguyen.544759,Chinh Nguyễn,"ARSENAL - 157 Nguyễn Thanh Dũng Nguyễn Chước 1 tuần Trả lời",1 tuần trước,0,0
Y29tbWVudDoxNTA0OTEyMTY0MzU4MDMwXzg2MDEzMTMwOTg1NzY2Mg==,profile.php,Changhi Hienngoc,"PSG - 192 Sam Sundar Khoa Huynh Van Hannier Bùi Ngọc 1 tuần Trả lời",1 tuần trước,0,0
Y29tbWVudDoxNTA0OTEyMTY0MzU4MDMwXzEwMDIwODUwNjU2MDA0NjY=,profile.php,Mi Hoang,"Arsenal - 432 Đăng Minh Nhi Dương DT Nhi 1 tuần Trả lời",1 tuần trước,0,0
Y29tbWVudDoxNTA0OTEyMTY0MzU4MDMwXzE5MjI4MDgyMjE3NTIyNDE=,profile.php,Đăng Minh,"PSG 214 Mi Duong Dương Tuyền My Hanh Nguyen 1 tuần Trả lời",1 tuần trước,0,0
Y29tbWVudDoxNTA0OTEyMTY0MzU4MDMwXzEwMDc0NDU4MTUxMzQ3NzY=,manhdung1605,Mạnh Dũng,"PSG - 605 Cường Nguyễn Lâm Di Khang Sư Bá 1 tuần Trả lời",1 tuần trước,0,0
Y29tbWVudDoxNTA0OTEyMTY0MzU4MDMwXzE0OTc2Mjc3MDU0Mjg1MjU=,ToraTaiTuan3112,Tuấn Nguyễn,"Fan cứng Arsenal thắng 183 Thiên Nhật Nguyễn Nguyễn Minh Tiến 1 tuần Trả lời",1 tuần trước,0,0
Y29tbWVudDoxNTA0OTEyMTY0MzU4MDMwXzk5NzA3ODU3OTY4NzMyMQ==,tuannhan.0306,Nguyễn Nhân Tuấn,"PSG thắng 157 Thắng Hoàng Phong Vũ 1 tuần Trả lời 2",1 tuần trước,0,0
Y29tbWVudDoxNTA0OTEyMTY0MzU4MDMwXzEzMDMxODYxMTc5ODUzOTA=,profile.php,Khiêm Gia,"Psg thắng + 219 Lý Văn DíĐoàn ÂuMd Sagor Mia 1 tuần Trả lời",1 tuần trước,0,0
Y29tbWVudDoxNTA0OTEyMTY0MzU4MDMwXzE5MTMwNzAyMTI3NDMwNjY=,tran.bao.ang.923266,Trần Bảo Đăng,"PSG - 155 Tuyet Trinh Đăng Minh Mi Duong 1 tuần Trả lời",1 tuần trước,0,0
Y29tbWVudDoxNTA0OTEyMTY0MzU4MDMwXzIxODIzNjk5OTU4NDI3NDU=,profile.php,Phòng Sâm Jessica,"PSG - 108 Mỹ LinhTran Văn RiếngTrung Nguyen Đinh Trung 1 tuần Trả lời",1 tuần trước,0,0
Y29tbWVudDoxNTA0OTEyMTY0MzU4MDMwXzE1OTg0OTAxMjEyNTE0OTY=,profile.php,Shuchin Chi Linh,"PSG - 230 HaiLua Nhat HoangChanghi HienngocThach Dương 1 tuần Trả lời",1 tuần trước,0,0
Y29tbWVudDoxNTA0OTEyMTY0MzU4MDMwXzE2NTYzOTYzMDIyOTEwODg=,oanh.dao.184,Phấn Nước Hàn Quốc,"Arsenal thắng 236 NguyễnN DanhH ChuyênN NdC , Hoàngg Thịi Thuu Hườngg , Nguyễn Lê Nguyễn Lê 1 tuần Trả lời",1 tuần trước,0,0
Y29tbWVudDoxNTA0OTEyMTY0MzU4MDMwXzE3MzI5MDczNTc4NzY0NzY=,profile.php,Hannier Bùi Ngọc,"· Theo dõi PSG - 172 Nguyễn HiếuTrung ChâuTrungNguyen NguyenTrung 1 tuần Trả lời",1 tuần trước,0,0
Y29tbWVudDoxNTA0OTEyMTY0MzU4MDMwXzI1NzY0ODk3NzI4MDc5NDk=,profile.php,Phạm Phương,"Hoà -198 Huỳnh ThanhHà Thanh ThanhHii PhạmGia Huy 1 tuần Trả lời",1 tuần trước,0,0
Y29tbWVudDoxNTA0OTEyMTY0MzU4MDMwXzk1MjMyNzk3MDk2NTI0OA==,van.ngan.151805,Vân Ngân,"PSG - 279 Bình Bình Nguyễn Lê Hoàng Phong 1 tuần Trả lời",1 tuần trước,0,0
Y29tbWVudDoxNTA0OTEyMTY0MzU4MDMwXzE3OTI1Nzk2NjgzODc0MDc=,duyen.nam.33257,Duyên Nam,"PSG - 124 Huỳnh Tịnh Pham Thi Diep Phạm Dung Toàn 1 tuần Trả lời",1 tuần trước,0,0
Y29tbWVudDoxNTA0OTEyMTY0MzU4MDMwXzk2NjM3NTc2OTU3NzI4OQ==,profile.php,Rosa Anh Thư,"PSG - 364 Ngờ Vờ PhờLan HuỳnhNguyên Juli 1 tuần Trả lời",1 tuần trước,0,0
Y29tbWVudDoxNTA0OTEyMTY0MzU4MDMwXzE1NDY2MTY1MDAxNjM4NDc=,toan.dung.72260,Phạm Dung Toàn,"PSG - 044 Duyên Nam Pham Thi Diep Tho Tran 1 tuần Trả lời",1 tuần trước,0,0
Y29tbWVudDoxNTA0OTEyMTY0MzU4MDMwXzE1ODA2NzU5MDY4NTY5NzU=,profile.php,Nguyễn Phan HL Chi,"PSG - 019 Changhi HienngocHaiLua Nhat HoangKevin Pháp NT 1 tuần Trả lời",1 tuần trước,0,0
Y29tbWVudDoxNTA0OTEyMTY0MzU4MDMwXzIwMTk1MDY2MTI3ODU0MDI=,profile.php,Bùi Hiền Đập Đá,"PSG - 083 Nguyễn Phan HL ChiKevin Pháp NTShuchin Chi Linh 1 tuần Trả lời",1 tuần trước,0,0
Y29tbWVudDoxNTA0OTEyMTY0MzU4MDMwXzE3MTQxMDczNTYzODA1NzM=,diep.pham.752487,Pham Thi Diep,"PSG - 131 Hùng Thứ Hai Phạm Dung Toàn Tui Là Nga Lee 1 tuần Trả lời",1 tuần trước,0,0
Y29tbWVudDoxNTA0OTEyMTY0MzU4MDMwXzk2MjY4ODE0NjYzNjI1Nw==,vangbac.trungthuy,Diep Dung Pham,"Arsenal - 109 Pham Thi Diep Trà Mimi Trung Linh 1 tuần Trả lời",1 tuần trước,0,0
Y29tbWVudDoxNTA0OTEyMTY0MzU4MDMwXzE0NjU0MTkwMjgxMzQ5NTM=,profile.php,Nhật An Nhơn,"PSG - 219 Nguyễn Phan HL Chi Kevin Pháp NT Bùi Hiền Đập Đá 1 tuần Trả lời",1 tuần trước,0,0
Y29tbWVudDoxNTA0OTEyMTY0MzU4MDMwXzEwMjY3MDc4MzMxMjA1OTA=,mat.troi.562745,HL Võ,"Fan cứng Arsenal - 428 Nhựt Linh Kim Loan 1 tuần Trả lời",1 tuần trước,0,0
Y29tbWVudDoxNTA0OTEyMTY0MzU4MDMwXzEzMTEzNTgzMzc3NDY1MTY=,profile.php,Gia Huy,"PSG - 294 Kim Khuê Nguyễn Ri Ốt Quocanh Tran 1 tuần Trả lời",1 tuần trước,0,0
Y29tbWVudDoxNTA0OTEyMTY0MzU4MDMwXzIwOTc3NDA0NzEwOTAyNjc=,kieu.ngoc.giau,KiềU NgọC GiàU,"PSG thắng - 210 NgocTuyen LuongThi TrầN XuâN PhonG Nguyễn Tùng TC 1 tuần Trả lời",1 tuần trước,0,0
Y29tbWVudDoxNTA0OTEyMTY0MzU4MDMwXzg0NTM2MTU5ODYzMDE2Nw==,dt.nhi.59365,DT Nhi,"Arsenal - 214 Mimi Duong Đăng Minh Trần Bảo Đăng 1 tuần Trả lời",1 tuần trước,0,0
Y29tbWVudDoxNTA0OTEyMTY0MzU4MDMwXzE0NjIyMDY2NjE4NjUxNjk=,anh.thai.154297,Anh Thai,"Arsenal thắng 155 Nguyễn Xí Ngô Quang 1 tuần Trả lời",1 tuần trước,0,0
Y29tbWVudDoxNTA0OTEyMTY0MzU4MDMwXzEyODMxMTU2MjczNjkxMjQ=,profile.php,Quê Miền Tây,"ARSENAL - 159 Binh D'shiny Hương Jelly 1 tuần Trả lời",1 tuần trước,0,0
Y29tbWVudDoxNTA0OTEyMTY0MzU4MDMwXzQ0NTkyMzE3NjQzNDA4OTY=,rynn.isaac,Hoa Nguyen,"Arsenal - 199 Thuỳ Dương Lê Văn Hùng Thảo Lazy 1 tuần Trả lời",1 tuần trước,0,0
Y29tbWVudDoxNTA0OTEyMTY0MzU4MDMwXzIyMTgzOTEzOTU1ODEyMTc=,toan.dung.duyen,Diep Dung Duyen,"PSG - 017 Duyên Nam Hương Jelly Pham Diep 1 tuần Trả lời",1 tuần trước,0,0
Y29tbWVudDoxNTA0OTEyMTY0MzU4MDMwXzEzNTA4MTgwNzA1MTY4ODE=,trantrongtan3883,Trần Trọng Tân,"PSG + 025 + Trịnh Ngọc BảoNguyễn Đức Hiếu 1 tuần Trả lời",1 tuần trước,0,0
Y29tbWVudDoxNTA0OTEyMTY0MzU4MDMwXzEzMDQ1NTE0MTQ5OTAyNTQ=,profile.php,Lê Đình Tuấn,"Arsenal + 096 + Trần Trọng TânĐinh Văn Cung 1 tuần Trả lời",1 tuần trước,0,0
Y29tbWVudDoxNTA0OTEyMTY0MzU4MDMwXzE5MDYxMTM4MDMzODU3NDI=,profile.php,Vũ Tuấn,"PSG + 067 + Trần Đức TuấnĐinh Văn Cung 1 tuần Trả lời",1 tuần trước,0,0
Y29tbWVudDoxNTA0OTEyMTY0MzU4MDMwXzE3MjEzNjk5MTg5MDE5NTI=,profile.php,Trần Đức Tuấn,"Arsenal + 077 + Đinh Văn CungPhan Văn Huấn 1 tuần Trả lời",1 tuần trước,0,0
Y29tbWVudDoxNTA0OTEyMTY0MzU4MDMwXzExNjM3NDI2ODI1OTQ1MzQ=,nguyen.van.tuan.225527,Nguyễn Văn Tuấn,"PSG + 090 + Đinh Văn CungTrịnh Ngọc Bảo 1 tuần Trả lời",1 tuần trước,0,0
Y29tbWVudDoxNTA0OTEyMTY0MzU4MDMwXzk3Mzk5MDMwMjIyMzExMw==,tran.trong.thinh.87671,Trần Trọng Thịnh,"Arsenal + 236 + Đinh Văn CungTrịnh Ngọc Bảo 1 tuần Trả lời",1 tuần trước,0,0
Y29tbWVudDoxNTA0OTEyMTY0MzU4MDMwXzI1MzEwMjk2NjczNTE3MzI=,icloud.tan.9,Nguyễn Trung Thành,"PSG + 069 + Trần Trọng ThịnhĐinh Văn Cung 1 tuần Trả lời",1 tuần trước,0,0
Y29tbWVudDoxNTA0OTEyMTY0MzU4MDMwXzg1NjA2MjI1Njk2MTc0OA==,tran.binh.minh.408808,Trần Bình Minh,"Arsenal + 022 + Nguyễn Thị MỹNguyễn Trung Thành 1 tuần Trả lời",1 tuần trước,0,0
Y29tbWVudDoxNTA0OTEyMTY0MzU4MDMwXzEzMTM4MTk0Nzc1NTY4NDc=,tannat.maicon.9,Phan Văn Huấn,"PSG + 029 + Đinh Văn CungTrịnh Ngọc Bảo 1 tuần Trả lời",1 tuần trước,0,0
Y29tbWVudDoxNTA0OTEyMTY0MzU4MDMwXzEwMDc0OTY2NjgzODczMDA=,hang.cong.391082,Bình Bình Nguyễn,"PSG - 229 Vân Ngân TuTu Nguyen 1 tuần Trả lời",1 tuần trước,0,0
Y29tbWVudDoxNTA0OTEyMTY0MzU4MDMwXzEyOTc4MTIyMzU4MDkzMzc=,lyco.renxue,Lyco Ng,"PSG 962 Nguyễn Thủy Tiên Nguyen Minh Thuy 1 tuần Trả lời",1 tuần trước,0,0
Y29tbWVudDoxNTA0OTEyMTY0MzU4MDMwXzE1Mzg1NzEzMzc3NjE5Mzg=,ha.long.9026040,Hà Long,"Arsenal - 285 - Duy Thơm Tạ Xuân Uyên 1 tuần Trả lời",1 tuần trước,0,0
Y29tbWVudDoxNTA0OTEyMTY0MzU4MDMwXzQyNzk2Njg0ODkwMTM4NTA=,hoai.lai.5,Nguyễn Đức Hiếu,"Arsenal + 043 + Trần Trọng ThịnhPhan Văn Huấn 1 tuần Trả lời",1 tuần trước,0,0
Y29tbWVudDoxNTA0OTEyMTY0MzU4MDMwXzE1MjQ0MjAyNzU3MTUwNDk=,tan.trong.9693001,Đinh Văn Cung,"PSG + 074 + Nguyễn Trung ThànhTrịnh Ngọc Bảo 1 tuần Trả lời",1 tuần trước,0,0
Y29tbWVudDoxNTA0OTEyMTY0MzU4MDMwXzgzNjk3OTIyMjgxOTc3MQ==,dunq.nguyen.3954,Nguyễn Dunq,"Hai đội hòa - 469 Út Nhỏ Tran Tina Đan Quid 1 tuần Trả lời",1 tuần trước,0,0
Y29tbWVudDoxNTA0OTEyMTY0MzU4MDMwXzk5MjU4NDkwMDAxODYwNQ==,huynh.phi.sweetlove,Huỳnh Phi Sweetlove,"PSG thắng Lê Hảo Huynh Huynh KiềU NgọC GiàU 157 1 tuần Trả lời",1 tuần trước,0,0
Y29tbWVudDoxNTA0OTEyMTY0MzU4MDMwXzE3NTg0Mjc2OTg5Mzc1MjU=,vo.hieu.vh,Vo Hieu VH,"PSG - 230 Trịnh Văn Phúc PhươngPhương Lan 1 tuần Trả lời",1 tuần trước,0,0
Y29tbWVudDoxNTA0OTEyMTY0MzU4MDMwXzE3Mzc4NTkyMjA5ODQ1NTU=,masan.vu,Masan Vũ,"Arsenal - 173 Trần Hoài Hùng Huy Bảo Phạm Cường 1 tuần Trả lời",1 tuần trước,0,0
Y29tbWVudDoxNTA0OTEyMTY0MzU4MDMwXzIwNjkxMDI5NTA0MzU2ODc=,khiet.khau.khinh.2024,Khiết Kháu Khỉnh,"Arsenal + 295 Hà Vy Thành Lại Van Doan 1 tuần Trả lời",1 tuần trước,0,0
Y29tbWVudDoxNTA0OTEyMTY0MzU4MDMwXzk4ODQ4NzQyNDAzNDM0OQ==,te.le.978550,Tè Le,"Arsenal thắng - 195 Mai Nhớ Hỏi Làm Gì Giang Nguyễn 1 tuần Trả lời",1 tuần trước,0,0
Y29tbWVudDoxNTA0OTEyMTY0MzU4MDMwXzg0OTIzMDUyMTExNTU3OA==,hien.hien.861795,Hiền Hiền,"PSG - 265 Mai Nhớ Oanh HN Hoài Huyên Trương 1 tuần Trả lời",1 tuần trước,0,0
Y29tbWVudDoxNTA0OTEyMTY0MzU4MDMwXzE3MDIxNzYxMjc4MDA5ODk=,profile.php,Bear Bear,"PSG win - 295 Cheng LeeHân HânMeo Meo 1 tuần Trả lời",1 tuần trước,0,0
Y29tbWVudDoxNTA0OTEyMTY0MzU4MDMwXzIwMzk4OTk1NTMzMDYxMDM=,qb.khiet.tran,QB Khiet Tran,"· Theo dõi PSG - 297 Trung Duc Vu Tran Thao Trai Họ Trần 1 tuần Trả lời",1 tuần trước,0,0
Y29tbWVudDoxNTA0OTEyMTY0MzU4MDMwXzg4MjM5MDE5NDg5MzY0MA==,KIENDT13,Trung Kiên,"Fan cứng PSG - 235 Mì Tôm Dương Thị Huỳnh Giao 1 tuần Trả lời",1 tuần trước,0,0
Y29tbWVudDoxNTA0OTEyMTY0MzU4MDMwXzg0NDczODMwMTU1MzQ5NA==,nhan.daothanh.566,Đt Nhan,"Arsenal + 168 Nguyễn Ngọc Hà Andy Nguyễn 1 tuần Trả lời",1 tuần trước,0,0
Y29tbWVudDoxNTA0OTEyMTY0MzU4MDMwXzE4ODU2NDU5NDg3ODIxMjg=,maihuong5198,Hương Bang Mai,"Hai đội hoà - 143 Trần Thị Ánh Tuyết Tài Lém Lĩnh 1 tuần Trả lời 1",1 tuần trước,0,0
Y29tbWVudDoxNTA0OTEyMTY0MzU4MDMwXzg2NzI5NjQ1NTczMDkxMA==,nhungnguyenh2t,Nguyen Nhung,"Arsenal - 77 Hương Bang Mai Huong Mai 1 tuần Trả lời",1 tuần trước,0,0
Y29tbWVudDoxNTA0OTEyMTY0MzU4MDMwXzEzNDk1NjAwNDA0MTE0MDk=,thao.maj.391,Thao Mai,"PSG - 268 Phuong Dung Nguyen Bé Bông 1 tuần Trả lời",1 tuần trước,0,0
Y29tbWVudDoxNTA0OTEyMTY0MzU4MDMwXzgxNzU4MjEyNzg0MTY0Nw==,tuyen.coi.750295,Tuyên Coi,"PSG - 255 Bôp Nguyen ThuongThuong Nguyen 1 tuần Trả lời",1 tuần trước,0,0
Y29tbWVudDoxNTA0OTEyMTY0MzU4MDMwXzMxMjI0MjkxNjQ2MzQ4ODc=,duy.tan.18102011,Đào Nhân,"PSG - 148 Nguyễn Huyền Mai Hanh Nguyen 1 tuần Trả lời",1 tuần trước,0,0
Y29tbWVudDoxNTA0OTEyMTY0MzU4MDMwXzIwMzYwMDExNDA1OTgwNzc=,nguyenvan.tam.733,Nguyen Van Tam,"PSG - 174 Võ Hồng Phần Lan Hà Trung Kiên 1 tuần Trả lời",1 tuần trước,0,0
Y29tbWVudDoxNTA0OTEyMTY0MzU4MDMwXzI3MjM4NDc4NDA1NzcxNDgz,nguyen.phuong.701494,Nguyễn Phương,"PSG - 169 Nguyễn Lan Anh Nguyễn Mai Hương Nguyễn Hải Nam Phong Huyền Nguyễn 1 tuần Trả lời",1 tuần trước,0,0
Y29tbWVudDoxNTA0OTEyMTY0MzU4MDMwXzE4MTAxOTE0MDY2MDg4MTc=,dao.duy.7169,Đào Công,"Hai đội hoà - 188 Nguyễn Huyền Nguyễn Hạnh Nguyễn Ngọc Hà 1 tuần Trả lời",1 tuần trước,0,0
Y29tbWVudDoxNTA0OTEyMTY0MzU4MDMwXzE0NzAyNTc2MjQzMDQ4Njg=,thanh.nguyen.1805,Thành Nguyen,"PSG thắng - 248 Lê Vi Khang Hy Trần Thiện 1 tuần Trả lời",1 tuần trước,0,0
Y29tbWVudDoxNTA0OTEyMTY0MzU4MDMwXzE1NTk3NzM1ODIxNzgxNTg=,profile.php,Ton Nguyen,"Arsenal - 298 Bôp Nguyen ThuongThuong Nguyen 1 tuần Trả lời",1 tuần trước,0,0
Y29tbWVudDoxNTA0OTEyMTY0MzU4MDMwXzEzMTE3NzQxNDY5OTU0MjM=,profile.php,Nguyễn Hương HnNh,"PSG - 197 Lan Lan Hoang Hoang Tây Khoai 1 tuần Trả lời",1 tuần trước,0,0
Y29tbWVudDoxNTA0OTEyMTY0MzU4MDMwXzEyODYzNzg4MTY4OTc3NjE=,coi.duong.96592,Nguyễn Bình,"Fan cứng Arsenal - 273 Tây Khoai ThuongThuong Nguyen 1 tuần Trả lời",1 tuần trước,0,0
Y29tbWVudDoxNTA0OTEyMTY0MzU4MDMwXzk3MzkzMjYwNTM1MDQ1Ng==,phuongphuong.lan.298396,PhươngPhương Lan,"PSG - 04 Bôp Nguyen ThuongThuong Nguyen 1 tuần Trả lời",1 tuần trước,0,0
Y29tbWVudDoxNTA0OTEyMTY0MzU4MDMwXzEwMjc0NjIyNzk2MTIxNjE=,profile.php,Đỗ Hiếuss,"PSG - 234 Bôp Nguyen ThuongThuong Nguyen 1 tuần Trả lời",1 tuần trước,0,0
Y29tbWVudDoxNTA0OTEyMTY0MzU4MDMwXzgzNTMzNzM4NTkwMjU3Mw==,nguyen.lan.anh.11355,Nguyễn Lan Anh,"PSG - 041 - Angielica Dang Bìnhh Anhh Bebe 1 tuần Trả lời",1 tuần trước,0,0
Y29tbWVudDoxNTA0OTEyMTY0MzU4MDMwXzg2MzIwOTA3Mjg1Mzc0Nw==,inhht.924618,Định HT,"PSG - 232 Uyên Thu Văn Hạnh 1 tuần Trả lời",1 tuần trước,0,0
Y29tbWVudDoxNTA0OTEyMTY0MzU4MDMwXzg3OTk3MjczODQ3Nzk2MA==,profile.php,Ken Ken Nguyen,"PSG + 182 Mai Hoàng Hiền Hoàng Bảo Linh Hoàng Hoàng Minh 1 tuần Trả lời",1 tuần trước,0,0
Y29tbWVudDoxNTA0OTEyMTY0MzU4MDMwXzEwMDI1MDg5MDIzMTA3OTQ=,trai.pho.lua,Trai Phố Lụa,"PSG + 096 Nam Trương Lý Yến Thi 1 tuần Trả lời",1 tuần trước,0,0
Y29tbWVudDoxNTA0OTEyMTY0MzU4MDMwXzE0OTgzMDQxMTg0MTg5Njk=,profile.php,Lý May Mắn,"ARSENAL - 101 Duy Cao Lan Trần 1 tuần Trả lời",1 tuần trước,0,0
Y29tbWVudDoxNTA0OTEyMTY0MzU4MDMwXzMwNjEzMjU5MzczOTgyMTI=,aivy.tran.1213986,Nguyen An,"Arsenal - 111 Thanh Nguyen Midori Tran Hana Yuki 1 tuần Trả lời",1 tuần trước,0,0
Y29tbWVudDoxNTA0OTEyMTY0MzU4MDMwXzEwMjc3MDEyNDMxNTc0NTE=,profile.php,Đỗ Hồng Hồng,"PSG - 148 ThuongThuong Nguyen Tây Khoai 1 tuần Trả lời",1 tuần trước,0,0
Y29tbWVudDoxNTA0OTEyMTY0MzU4MDMwXzEzNDc2NDExMjQwOTIxMjM=,pmt1815,Phan Minh Triết,"PSG 181 Vu Ngọc Đức Diamo Joseph Nguyễn Lê Quỳnh Annhh Cẩm Nhung Nguyễn Thị Trần Đạt 1 tuần Trả lời",1 tuần trước,0,0
Y29tbWVudDoxNTA0OTEyMTY0MzU4MDMwXzk5NTI2NjAwNjMwNDQ4Mg==,pu.ly.751670,Sunny Thiên Thiên,"PSG - 198 Tuấn Leo Nguyễn Thu Hiền Shizu 1 tuần Trả lời",1 tuần trước,0,0
Y29tbWVudDoxNTA0OTEyMTY0MzU4MDMwXzE5NDQ3Mjk3NjI4Nzg1NDQ=,coicoi.nguyen.313,Hoàng Lan,"Arsenal - 138 ThuongThuong Nguyen TuTu Nguyen 1 tuần Trả lời",1 tuần trước,0,0
Y29tbWVudDoxNTA0OTEyMTY0MzU4MDMwXzk5MDcyMTg1NzA0MzA3Nw==,rose.yoga.2025,Rose Nguyen,"PSG - 058 LA Tho Phương Thảo Vũ Phan 1 tuần Trả lời",1 tuần trước,0,0
Y29tbWVudDoxNTA0OTEyMTY0MzU4MDMwXzE3MDk1MDc3ODM3Mjc2Njc=,profile.php,Lee Chan Pu,"PSG - 259 Hien Nguyen Trần Thị Oanh 1 tuần Trả lời",1 tuần trước,0,0
Y29tbWVudDoxNTA0OTEyMTY0MzU4MDMwXzEwMTY4Mjc0NDc1NzMzMzQ=,phu.lee.363592,Tui Là Nga Lee,"PSG - 239 Ngọc Huyền Hậu Phùng 1 tuần Trả lời",1 tuần trước,0,0
Y29tbWVudDoxNTA0OTEyMTY0MzU4MDMwXzE2NDY2NTMwODYzODQyNzc=,cuong.bui.282951,Cường Bùi,"PSG - 173 Gia Long Kha Huy 1 tuần Trả lời",1 tuần trước,0,0
Y29tbWVudDoxNTA0OTEyMTY0MzU4MDMwXzI0NDE1MDczMTk2MjMwMDA=,tuyen.pham.530639,Tuyền Phạm,"PSG - 10 Nguyễn Đình Sương Nguyễn Nam Phương Bịch Bóng 1 tuần Trả lời",1 tuần trước,0,0
Y29tbWVudDoxNTA0OTEyMTY0MzU4MDMwXzQ3NzAwODM5NDMyMTkyNDA=,hien.nguyen.470726,Hiền Nguyễn,"PSG - 283 Thu Minh Sa Hà My Gấu Trúc 1 tuần Trả lời",1 tuần trước,0,0
Y29tbWVudDoxNTA0OTEyMTY0MzU4MDMwXzEzMjA1NTEwMzY2ODY1NDk=,tuyen.nguyen.7359447,Tuyên Nguyễn,"Fan cứng PSG - 155 Bôp Nguyen TuTu Nguyen 1 tuần Trả lời",1 tuần trước,0,0
Y29tbWVudDoxNTA0OTEyMTY0MzU4MDMwXzE0NzkzMzEwODMzNjUzNTE=,ky.kokoro.7,Ky Kokoro,"PSG - 145 Trai Phố Lụa Nam Trương 1 tuần Trả lời",1 tuần trước,0,0
Y29tbWVudDoxNTA0OTEyMTY0MzU4MDMwXzE0NjA4NTAzMzUzMzEwMjQ=,profile.php,Huỳnh Tịnh,"Arsenal - 228 Đình Quí Trương Đan Nhi Gia Huy 1 tuần Trả lời",1 tuần trước,0,0
Y29tbWVudDoxNTA0OTEyMTY0MzU4MDMwXzI1MDQ5NzA2Nzk5NTc0MTA=,myheartwillgoon.si,Nguyen Thanh Hao,"Arsenal -248 Mai Hoàng Kim Hoa Hà Bùi Vui Vẻ Trương 1 tuần Trả lời",1 tuần trước,0,0
Y29tbWVudDoxNTA0OTEyMTY0MzU4MDMwXzI4MDgzNTg0OTYyMDA0OTc=,hoangryo989,Hoàng Ryo,"PSG - 263 Tuyền Phạm Vyl Hieu Mộng Tuyền 1 tuần Trả lời",1 tuần trước,0,0
Y29tbWVudDoxNTA0OTEyMTY0MzU4MDMwXzE3NDk5NDc3ODY0MTY2NTk=,hung.gold.614274,Hùng Gold,"Arsenal - 168 Van Anh Nhựt Linh 1 tuần Trả lời",1 tuần trước,0,0
Y29tbWVudDoxNTA0OTEyMTY0MzU4MDMwXzEyNDgwMTc5NzA1MTM2MTc=,son.nguyen.1701,Nguyễn Minh Sơn,"Fan cứng Arsenal - 178 Nguyễn Minh Giang Mạnh Du 1 tuần Trả lời",1 tuần trước,0,0
Y29tbWVudDoxNTA0OTEyMTY0MzU4MDMwXzIwNDUwNTAwMzY0MjgxODc=,minhduc1k99,Minh Đức,"Minh ĐứcPSG - 187 Bánh Mỳ Nông NghiệpSu Trần Su TrầnSầu Lẻ BóngNguyễn Minh ThưNguyễn Ngọc Mai1 tuầnThíchTrả lời",1 tuần trước,0,0
Y29tbWVudDoxNTA0OTEyMTY0MzU4MDMwXzE1NDIxNDk0NDA2MDEzMTM=,huanhuan.nguyen.1420,Nguyễnss Linh,"Fan cứngNguyễnss LinhPSG - 047 Lan Lan Hoang Hoang TuTu Nguyen1 tuầnThíchTrả lời",1 tuần trước,0,0
Y29tbWVudDoxNTA0OTEyMTY0MzU4MDMwXzE1MzQ3MzUwOTEzNzA1MzU=,nhut2306,Nguyễn Nhựt,"Nguyễn NhựtArsenal thắng 096 Tuấn Lê Thư Minh1 tuầnThíchTrả lời",1 tuần trước,0,0
Y29tbWVudDoxNTA0OTEyMTY0MzU4MDMwXzI3MDY4ODQzNjYyNzY5ODM1,profile.php,Phuc Dang,"Phuc DangArsenal thắng 336 Vĩ Dương Đỗ Triệu1 tuầnThíchTrả lời",1 tuần trước,0,0
Y29tbWVudDoxNTA0OTEyMTY0MzU4MDMwXzE2OTg2MDM0MDQ2MDQ5MjI=,xinmotitmayman,Minh Đức,"Minh ĐứcPSG 283 Biebers Nguyen  Quốc Đại1 tuầnThíchTrả lời",1 tuần trước,0,0
Y29tbWVudDoxNTA0OTEyMTY0MzU4MDMwXzc1NjY5Nzk2MDgwMDkyMw==,anhtuan2615,Anh Tuấn,"Anh TuấnArsenal thắng 637 Anh Tuấn @ lâm chí Phuong Chi1 tuầnThíchTrả lời",1 tuần trước,0,0
Y29tbWVudDoxNTA0OTEyMTY0MzU4MDMwXzEwMTg0OTAzNjcxOTMyMjU=,khoi.nguyen.173098,Khoi Nguyen,"Khoi NguyenArsenal thắng 281 Vĩ Dương Đỗ Triệu1 tuầnThíchTrả lời",1 tuần trước,0,0
Y29tbWVudDoxNTA0OTEyMTY0MzU4MDMwXzk1NjMwNTg3NzE2NzY5Ng==,profile.php,Lâm Hoàng Đức,"Lâm Hoàng ĐứcARSENAL THUA 0-3. 343  Duc Thang Duong Lâm Hoàng Đức Hoangcuc Lam1 tuầnThíchTrả lờiĐã chỉnh sửa",1 tuần trước,0,0
Y29tbWVudDoxNTA0OTEyMTY0MzU4MDMwXzQzNTY3OTYzNzQ1NjEyNzA=,duc.thang.3572,Nguyễn Đức Thắng,"Nguyễn Đức ThắngPSG thắng Huyền Ruby Huyền Trần Nguyễn Ngọc Trang 6381 tuầnThíchTrả lời",1 tuần trước,0,0
Y29tbWVudDoxNTA0OTEyMTY0MzU4MDMwXzQ2MTY1MjY1Mzg2MzM1MDY=,tiendat.tran.50,Tran Tien Dat,"Tran Tien DatLouis de Voisard PSG ăn1 tuầnThíchTrả lời",1 tuần trước,0,0