name,slug,iso_code,area_km2,population,flag_url,local_path,svg_path,page_url
"Afghanistan","afghanistan","af","652230","32225560","https://flagpedia.net/data/flags/h160/af.png?v=un","output/flags/af.png","","https://flagpedia.net/afghanistan"
"Åland Islands","aland-islands","ax","1580","29789","https://flagpedia.net/data/flags/h160/ax.webp","output/flags/ax.webp","","https://flagpedia.net/aland-islands"
"Albania","albania","al","28748","2862427","https://flagpedia.net/data/flags/h160/al.webp","output/flags/al.webp","","https://flagpedia.net/albania"
"Algeria","algeria","dz","2381740","43000000","https://flagpedia.net/data/flags/h160/dz.webp","output/flags/dz.webp","","https://flagpedia.net/algeria"
"American Samoa","american-samoa","as","199","56700","https://flagpedia.net/data/flags/h160/as.webp","output/flags/as.webp","","https://flagpedia.net/american-samoa"
"Andorra","andorra","ad","468","77543","https://flagpedia.net/data/flags/h160/ad.webp","output/flags/ad.webp","","https://flagpedia.net/andorra"
"Angola","angola","ao","1246700","31127674","https://flagpedia.net/data/flags/h160/ao.webp","output/flags/ao.webp","","https://flagpedia.net/angola"
"Anguilla","anguilla","ai","91","14869","https://flagpedia.net/data/flags/h160/ai.webp","output/flags/ai.webp","","https://flagpedia.net/anguilla"
"Antarctica","antarctica","aq","14000000","3000","https://flagpedia.net/data/flags/h160/aq.webp","output/flags/aq.webp","","https://flagpedia.net/antarctica"
"Antigua and Barbuda","antigua-and-barbuda","ag","442","96453","https://flagpedia.net/data/flags/h160/ag.webp","output/flags/ag.webp","","https://flagpedia.net/antigua-and-barbuda"
"Argentina","argentina","ar","2780400","44938712","https://flagpedia.net/data/flags/h160/ar.webp","output/flags/ar.webp","","https://flagpedia.net/argentina"
"Armenia","armenia","am","29743","2957500","https://flagpedia.net/data/flags/h160/am.webp","output/flags/am.webp","","https://flagpedia.net/armenia"
"Aruba","aruba","aw","180","112309","https://flagpedia.net/data/flags/h160/aw.webp","output/flags/aw.webp","","https://flagpedia.net/aruba"
"Australia","australia","au","7692020","25627280","https://flagpedia.net/data/flags/h160/au.webp","output/flags/au.webp","","https://flagpedia.net/australia"
"Austria","austria","at","83871","8902600","https://flagpedia.net/data/flags/h160/at.webp","output/flags/at.webp","","https://flagpedia.net/austria"
"Azerbaijan","azerbaijan","az","86600","10067108","https://flagpedia.net/data/flags/h160/az.webp","output/flags/az.webp","","https://flagpedia.net/azerbaijan"
"Bahamas","the-bahamas","bs","13943","385340","https://flagpedia.net/data/flags/h160/bs.webp","output/flags/bs.webp","","https://flagpedia.net/the-bahamas"
"Bahrain","bahrain","bh","778","1543300","https://flagpedia.net/data/flags/h160/bh.webp","output/flags/bh.webp","","https://flagpedia.net/bahrain"
"Bangladesh","bangladesh","bd","147570","168163758","https://flagpedia.net/data/flags/h160/bd.webp","output/flags/bd.webp","","https://flagpedia.net/bangladesh"
"Barbados","barbados","bb","430","287025","https://flagpedia.net/data/flags/h160/bb.webp","output/flags/bb.webp","","https://flagpedia.net/barbados"
"Belarus","belarus","by","207600","9413446","https://flagpedia.net/data/flags/h160/by.webp","output/flags/by.webp","","https://flagpedia.net/belarus"
"Belgium","belgium","be","30528","11522169","https://flagpedia.net/data/flags/h160/be.webp","output/flags/be.webp","","https://flagpedia.net/belgium"
"Belize","belize","bz","22966","408487","https://flagpedia.net/data/flags/h160/bz.webp","output/flags/bz.webp","","https://flagpedia.net/belize"
"Benin","benin","bj","114763","11733059","https://flagpedia.net/data/flags/h160/bj.webp","output/flags/bj.webp","","https://flagpedia.net/benin"
"Bermuda","bermuda","bm","54","64027","https://flagpedia.net/data/flags/h160/bm.webp","output/flags/bm.webp","","https://flagpedia.net/bermuda"
"Bhutan","bhutan","bt","38394","741672","https://flagpedia.net/data/flags/h160/bt.webp","output/flags/bt.webp","","https://flagpedia.net/bhutan"
"Bolivia","bolivia","bo","1098580","11469896","https://flagpedia.net/data/flags/h160/bo.webp","output/flags/bo.webp","","https://flagpedia.net/bolivia"
"Bosnia and Herzegovina","bosnia-and-herzegovina","ba","51209","3301000","https://flagpedia.net/data/flags/h160/ba.webp","output/flags/ba.webp","","https://flagpedia.net/bosnia-and-herzegovina"
"Botswana","botswana","bw","581730","2338851","https://flagpedia.net/data/flags/h160/bw.webp","output/flags/bw.webp","","https://flagpedia.net/botswana"
"Bouvet Island","bouvet-island","bv","49","0","https://flagpedia.net/data/flags/h160/bv.webp","output/flags/bv.webp","","https://flagpedia.net/bouvet-island"
"Brazil","brazil","br","8515770","211173432","https://flagpedia.net/data/flags/h160/br.webp","output/flags/br.webp","","https://flagpedia.net/brazil"
"British Indian Ocean Territory","british-indian-ocean-territory","io","60","0","https://flagpedia.net/data/flags/h160/io.webp","output/flags/io.webp","","https://flagpedia.net/british-indian-ocean-territory"
"Brunei","brunei","bn","5765","442400","https://flagpedia.net/data/flags/h160/bn.webp","output/flags/bn.webp","","https://flagpedia.net/brunei"
"Bulgaria","bulgaria","bg","111002","7000039","https://flagpedia.net/data/flags/h160/bg.webp","output/flags/bg.webp","","https://flagpedia.net/bulgaria"
"Burkina Faso","burkina-faso","bf","274222","20870060","https://flagpedia.net/data/flags/h160/bf.webp","output/flags/bf.webp","","https://flagpedia.net/burkina-faso"
"Burundi","burundi","bi","27834","10953317","https://flagpedia.net/data/flags/h160/bi.webp","output/flags/bi.webp","","https://flagpedia.net/burundi"
"Cambodia","cambodia","kh","181035","15288489","https://flagpedia.net/data/flags/h160/kh.webp","output/flags/kh.webp","","https://flagpedia.net/cambodia"
"Cameroon","cameroon","cm","475442","25876000","https://flagpedia.net/data/flags/h160/cm.webp","output/flags/cm.webp","","https://flagpedia.net/cameroon"
"Canada","canada","ca","9984670","37935814","https://flagpedia.net/data/flags/h160/ca.webp","output/flags/ca.webp","","https://flagpedia.net/canada"
"Cape Verde","cape-verde","cv","4033","550483","https://flagpedia.net/data/flags/h160/cv.webp","output/flags/cv.webp","","https://flagpedia.net/cape-verde"
"Caribbean Netherlands","caribbean-netherlands","bq","328","25157","https://flagpedia.net/data/flags/h160/bq.webp","output/flags/bq.webp","","https://flagpedia.net/caribbean-netherlands"
"Cayman Islands","cayman-islands","ky","264","65813","https://flagpedia.net/data/flags/h160/ky.webp","output/flags/ky.webp","","https://flagpedia.net/cayman-islands"
"Central African Republic","the-central-african-republic","cf","622984","5496011","https://flagpedia.net/data/flags/h160/cf.webp","output/flags/cf.webp","","https://flagpedia.net/the-central-african-republic"
"Chad","chad","td","1284000","15692969","https://flagpedia.net/data/flags/h160/td.webp","output/flags/td.webp","","https://flagpedia.net/chad"
"Chile","chile","cl","756102","19107216","https://flagpedia.net/data/flags/h160/cl.webp","output/flags/cl.webp","","https://flagpedia.net/chile"
"China","the-people-s-republic-of-china","cn","9596960","1401492920","https://flagpedia.net/data/flags/h160/cn.webp","output/flags/cn.webp","","https://flagpedia.net/the-people-s-republic-of-china"
"Christmas Island","christmas-island","cx","135","1928","https://flagpedia.net/data/flags/h160/cx.webp","output/flags/cx.webp","","https://flagpedia.net/christmas-island"
"Cocos Islands","cocos-islands","cc","14","538","https://flagpedia.net/data/flags/h160/cc.webp","output/flags/cc.webp","","https://flagpedia.net/cocos-islands"
"Colombia","colombia","co","1141750","49395678","https://flagpedia.net/data/flags/h160/co.webp","output/flags/co.webp","","https://flagpedia.net/colombia"
"Comoros","the-comoros","km","1862","873724","https://flagpedia.net/data/flags/h160/km.webp","output/flags/km.webp","","https://flagpedia.net/the-comoros"
"Republic of the Congo","the-republic-of-the-congo","cg","342000","5380508","https://flagpedia.net/data/flags/h160/cg.webp","output/flags/cg.webp","","https://flagpedia.net/the-republic-of-the-congo"
"DR Congo","the-democratic-republic-of-the-congo","cd","2344860","86790567","https://flagpedia.net/data/flags/h160/cd.webp","output/flags/cd.webp","","https://flagpedia.net/the-democratic-republic-of-the-congo"
"Cook Islands","cook-islands","ck","236","15200","https://flagpedia.net/data/flags/h160/ck.webp","output/flags/ck.webp","","https://flagpedia.net/cook-islands"
"Costa Rica","costa-rica","cr","51100","5058007","https://flagpedia.net/data/flags/h160/cr.webp","output/flags/cr.webp","","https://flagpedia.net/costa-rica"
"Côte d'Ivoire","cote-d-ivoire","ci","322463","25823071","https://flagpedia.net/data/flags/h160/ci.webp","output/flags/ci.webp","","https://flagpedia.net/cote-d-ivoire"
"Croatia","croatia","hr","56594","4076246","https://flagpedia.net/data/flags/h160/hr.webp","output/flags/hr.webp","","https://flagpedia.net/croatia"
"Cuba","cuba","cu","109884","11209628","https://flagpedia.net/data/flags/h160/cu.webp","output/flags/cu.webp","","https://flagpedia.net/cuba"
"Curaçao","curacao","cw","444","158665","https://flagpedia.net/data/flags/h160/cw.webp","output/flags/cw.webp","","https://flagpedia.net/curacao"
"Cyprus","cyprus","cy","9251","875900","https://flagpedia.net/data/flags/h160/cy.webp","output/flags/cy.webp","","https://flagpedia.net/cyprus"
"Czechia","the-czech-republic","cz","78865","10681161","https://flagpedia.net/data/flags/h160/cz.webp","output/flags/cz.webp","","https://flagpedia.net/the-czech-republic"
"Denmark","denmark","dk","43094","5822763","https://flagpedia.net/data/flags/h160/dk.webp","output/flags/dk.webp","","https://flagpedia.net/denmark"
"Djibouti","djibouti","dj","23200","1078373","https://flagpedia.net/data/flags/h160/dj.webp","output/flags/dj.webp","","https://flagpedia.net/djibouti"
"Dominica","dominica","dm","751","71808","https://flagpedia.net/data/flags/h160/dm.webp","output/flags/dm.webp","","https://flagpedia.net/dominica"
"Dominican Republic","the-dominican-republic","do","48671","10358320","https://flagpedia.net/data/flags/h160/do.webp","output/flags/do.webp","","https://flagpedia.net/the-dominican-republic"
"Ecuador","ecuador","ec","276841","17431712","https://flagpedia.net/data/flags/h160/ec.webp","output/flags/ec.webp","","https://flagpedia.net/ecuador"
"Egypt","egypt","eg","1002450","100052943","https://flagpedia.net/data/flags/h160/eg.webp","output/flags/eg.webp","","https://flagpedia.net/egypt"
"El Salvador","el-salvador","sv","21041","6704864","https://flagpedia.net/data/flags/h160/sv.webp","output/flags/sv.webp","","https://flagpedia.net/el-salvador"
"England","england","gb-eng","130279","55977178","https://flagpedia.net/data/flags/h160/gb-eng.webp","output/flags/gb-eng.webp","","https://flagpedia.net/england"
"Equatorial Guinea","equatorial-guinea","gq","28051","1358276","https://flagpedia.net/data/flags/h160/gq.webp","output/flags/gq.webp","","https://flagpedia.net/equatorial-guinea"
"Eritrea","eritrea","er","117600","3497117","https://flagpedia.net/data/flags/h160/er.webp","output/flags/er.webp","","https://flagpedia.net/eritrea"
"Estonia","estonia","ee","45227","1328360","https://flagpedia.net/data/flags/h160/ee.webp","output/flags/ee.webp","","https://flagpedia.net/estonia"
"Eswatini","swaziland","sz","17364","1093238","https://flagpedia.net/data/flags/h160/sz.webp","output/flags/sz.webp","","https://flagpedia.net/swaziland"
"Ethiopia","ethiopia","et","1104300","98665000","https://flagpedia.net/data/flags/h160/et.webp","output/flags/et.webp","","https://flagpedia.net/ethiopia"
"Falkland Islands","falkland-islands","fk","12173","3198","https://flagpedia.net/data/flags/h160/fk.webp","output/flags/fk.webp","","https://flagpedia.net/falkland-islands"
"Faroe Islands","faroe-islands","fo","1393","52124","https://flagpedia.net/data/flags/h160/fo.webp","output/flags/fo.webp","","https://flagpedia.net/faroe-islands"
"Fiji","fiji","fj","18272","884887","https://flagpedia.net/data/flags/h160/fj.webp","output/flags/fj.webp","","https://flagpedia.net/fiji"
"Finland","finland","fi","338424","5527573","https://flagpedia.net/data/flags/h160/fi.webp","output/flags/fi.webp","","https://flagpedia.net/finland"
"France","france","fr","640679","67064000","https://flagpedia.net/data/flags/h160/fr.webp","output/flags/fr.webp","","https://flagpedia.net/france"
"French Guiana","french-guiana","gf","83534","290691","https://flagpedia.net/data/flags/h160/gf.webp","output/flags/gf.webp","","https://flagpedia.net/french-guiana"
"French Polynesia","french-polynesia","pf","4167","275918","https://flagpedia.net/data/flags/h160/pf.webp","output/flags/pf.webp","","https://flagpedia.net/french-polynesia"
"French Southern and Antarctic Lands","french-southern-and-antarctic-lands","tf","7747","0","https://flagpedia.net/data/flags/h160/tf.webp","output/flags/tf.webp","","https://flagpedia.net/french-southern-and-antarctic-lands"
"Gabon","gabon","ga","267668","2172579","https://flagpedia.net/data/flags/h160/ga.webp","output/flags/ga.webp","","https://flagpedia.net/gabon"
"Gambia","the-gambia","gm","11295","2347706","https://flagpedia.net/data/flags/h160/gm.webp","output/flags/gm.webp","","https://flagpedia.net/the-gambia"
"Georgia","georgia","ge","69700","3723464","https://flagpedia.net/data/flags/h160/ge.webp","output/flags/ge.webp","","https://flagpedia.net/georgia"
"Germany","germany","de","357114","83149300","https://flagpedia.net/data/flags/h160/de.webp","output/flags/de.webp","","https://flagpedia.net/germany"
"Ghana","ghana","gh","238533","30280811","https://flagpedia.net/data/flags/h160/gh.webp","output/flags/gh.webp","","https://flagpedia.net/ghana"
"Gibraltar","gibraltar","gi","6","33701","https://flagpedia.net/data/flags/h160/gi.webp","output/flags/gi.webp","","https://flagpedia.net/gibraltar"
"Greece","greece","gr","131957","10724599","https://flagpedia.net/data/flags/h160/gr.webp","output/flags/gr.webp","","https://flagpedia.net/greece"
"Greenland","greenland","gl","2166090","56081","https://flagpedia.net/data/flags/h160/gl.webp","output/flags/gl.webp","","https://flagpedia.net/greenland"
"Grenada","grenada","gd","344","112003","https://flagpedia.net/data/flags/h160/gd.webp","output/flags/gd.webp","","https://flagpedia.net/grenada"
"Guadeloupe","guadeloupe","gp","1628","395700","https://flagpedia.net/data/flags/h160/gp.webp","output/flags/gp.webp","","https://flagpedia.net/guadeloupe"
"Guam","guam","gu","549","172400","https://flagpedia.net/data/flags/h160/gu.webp","output/flags/gu.webp","","https://flagpedia.net/guam"
"Guatemala","guatemala","gt","108889","16604026","https://flagpedia.net/data/flags/h160/gt.webp","output/flags/gt.webp","","https://flagpedia.net/guatemala"
"Guernsey","guernsey","gg","78","62792","https://flagpedia.net/data/flags/h160/gg.webp","output/flags/gg.webp","","https://flagpedia.net/guernsey"
"Guinea","guinea","gn","245857","12218357","https://flagpedia.net/data/flags/h160/gn.webp","output/flags/gn.webp","","https://flagpedia.net/guinea"
"Guinea-Bissau","guinea-bissau","gw","36125","1604528","https://flagpedia.net/data/flags/h160/gw.webp","output/flags/gw.webp","","https://flagpedia.net/guinea-bissau"
"Guyana","guyana","gy","214969","782766","https://flagpedia.net/data/flags/h160/gy.webp","output/flags/gy.webp","","https://flagpedia.net/guyana"
"Haiti","haiti","ht","27750","11577779","https://flagpedia.net/data/flags/h160/ht.webp","output/flags/ht.webp","","https://flagpedia.net/haiti"
"Heard Island and McDonald Islands","heard-island-and-mcdonald-islands","hm","412","0","https://flagpedia.net/data/flags/h160/hm.webp","output/flags/hm.webp","","https://flagpedia.net/heard-island-and-mcdonald-islands"
"Honduras","honduras","hn","112492","9158345","https://flagpedia.net/data/flags/h160/hn.webp","output/flags/hn.webp","","https://flagpedia.net/honduras"
"Hong Kong","hong-kong","hk","1104","7500700","https://flagpedia.net/data/flags/h160/hk.webp","output/flags/hk.webp","","https://flagpedia.net/hong-kong"
"Hungary","hungary","hu","93028","9772756","https://flagpedia.net/data/flags/h160/hu.webp","output/flags/hu.webp","","https://flagpedia.net/hungary"
"Iceland","iceland","is","103000","364260","https://flagpedia.net/data/flags/h160/is.webp","output/flags/is.webp","","https://flagpedia.net/iceland"
"India","india","in","3287260","1359072550","https://flagpedia.net/data/flags/h160/in.webp","output/flags/in.webp","","https://flagpedia.net/india"
"Indonesia","indonesia","id","1910930","266911900","https://flagpedia.net/data/flags/h160/id.webp","output/flags/id.webp","","https://flagpedia.net/indonesia"
"Iran","iran","ir","1648200","83230120","https://flagpedia.net/data/flags/h160/ir.webp","output/flags/ir.webp","","https://flagpedia.net/iran"
"Iraq","iraq","iq","438317","39127900","https://flagpedia.net/data/flags/h160/iq.webp","output/flags/iq.webp","","https://flagpedia.net/iraq"
"Ireland","ireland","ie","70273","4921500","https://flagpedia.net/data/flags/h160/ie.webp","output/flags/ie.webp","","https://flagpedia.net/ireland"
"Isle of Man","isle-of-man","im","572","83314","https://flagpedia.net/data/flags/h160/im.webp","output/flags/im.webp","","https://flagpedia.net/isle-of-man"
"Israel","israel","il","20770","9164160","https://flagpedia.net/data/flags/h160/il.webp","output/flags/il.webp","","https://flagpedia.net/israel"
"Italy","italy","it","301339","60247214","https://flagpedia.net/data/flags/h160/it.webp","output/flags/it.webp","","https://flagpedia.net/italy"
"Jamaica","jamaica","jm","10991","2726667","https://flagpedia.net/data/flags/h160/jm.webp","output/flags/jm.webp","","https://flagpedia.net/jamaica"
"Japan","japan","jp","377975","126010000","https://flagpedia.net/data/flags/h160/jp.webp","output/flags/jp.webp","","https://flagpedia.net/japan"
"Jersey","jersey","je","116","106800","https://flagpedia.net/data/flags/h160/je.webp","output/flags/je.webp","","https://flagpedia.net/jersey"
"Jordan","jordan","jo","89342","10622608","https://flagpedia.net/data/flags/h160/jo.webp","output/flags/jo.webp","","https://flagpedia.net/jordan"
"Kazakhstan","kazakhstan","kz","2724900","18651680","https://flagpedia.net/data/flags/h160/kz.webp","output/flags/kz.webp","","https://flagpedia.net/kazakhstan"
"Kenya","kenya","ke","580367","47564296","https://flagpedia.net/data/flags/h160/ke.webp","output/flags/ke.webp","","https://flagpedia.net/kenya"
"Kiribati","kiribati","ki","811","120100","https://flagpedia.net/data/flags/h160/ki.webp","output/flags/ki.webp","","https://flagpedia.net/kiribati"
"North Korea","north-korea","kp","120540","25450000","https://flagpedia.net/data/flags/h160/kp.webp","output/flags/kp.webp","","https://flagpedia.net/north-korea"
"South Korea","south-korea","kr","100210","51780579","https://flagpedia.net/data/flags/h160/kr.webp","output/flags/kr.webp","","https://flagpedia.net/south-korea"
"Kosovo","kosovo","xk","10887","1795666","https://flagpedia.net/data/flags/h160/xk.webp","output/flags/xk.webp","","https://flagpedia.net/kosovo"
"Kuwait","kuwait","kw","17818","4420110","https://flagpedia.net/data/flags/h160/kw.webp","output/flags/kw.webp","","https://flagpedia.net/kuwait"
"Kyrgyzstan","kyrgyzstan","kg","199951","6490300","https://flagpedia.net/data/flags/h160/kg.webp","output/flags/kg.webp","","https://flagpedia.net/kyrgyzstan"
"Laos","laos","la","236800","7123205","https://flagpedia.net/data/flags/h160/la.webp","output/flags/la.webp","","https://flagpedia.net/laos"
"Latvia","latvia","lv","64559","1906800","https://flagpedia.net/data/flags/h160/lv.webp","output/flags/lv.webp","","https://flagpedia.net/latvia"
"Lebanon","lebanon","lb","10452","6855713","https://flagpedia.net/data/flags/h160/lb.webp","output/flags/lb.webp","","https://flagpedia.net/lebanon"
"Lesotho","lesotho","ls","30355","2007201","https://flagpedia.net/data/flags/h160/ls.webp","output/flags/ls.webp","","https://flagpedia.net/lesotho"
"Liberia","liberia","lr","111369","4475353","https://flagpedia.net/data/flags/h160/lr.webp","output/flags/lr.webp","","https://flagpedia.net/liberia"
"Libya","libya","ly","1759540","6777452","https://flagpedia.net/data/flags/h160/ly.webp","output/flags/ly.webp","","https://flagpedia.net/libya"
"Liechtenstein","liechtenstein","li","160","38557","https://flagpedia.net/data/flags/h160/li.webp","output/flags/li.webp","","https://flagpedia.net/liechtenstein"
"Lithuania","lithuania","lt","65300","2793350","https://flagpedia.net/data/flags/h160/lt.webp","output/flags/lt.webp","","https://flagpedia.net/lithuania"
"Luxembourg","luxembourg","lu","2586","613894","https://flagpedia.net/data/flags/h160/lu.webp","output/flags/lu.webp","","https://flagpedia.net/luxembourg"
"Macau","macau","mo","30","676100","https://flagpedia.net/data/flags/h160/mo.webp","output/flags/mo.webp","","https://flagpedia.net/macau"
"Madagascar","madagascar","mg","587041","25680342","https://flagpedia.net/data/flags/h160/mg.webp","output/flags/mg.webp","","https://flagpedia.net/madagascar"
"Malawi","malawi","mw","118484","17563749","https://flagpedia.net/data/flags/h160/mw.webp","output/flags/mw.webp","","https://flagpedia.net/malawi"
"Malaysia","malaysia","my","330803","32700760","https://flagpedia.net/data/flags/h160/my.webp","output/flags/my.webp","","https://flagpedia.net/malaysia"
"Maldives","maldives","mv","300","374775","https://flagpedia.net/data/flags/h160/mv.webp","output/flags/mv.webp","","https://flagpedia.net/maldives"
"Mali","mali","ml","1240190","19973000","https://flagpedia.net/data/flags/h160/ml.webp","output/flags/ml.webp","","https://flagpedia.net/mali"
"Malta","malta","mt","316","493559","https://flagpedia.net/data/flags/h160/mt.webp","output/flags/mt.webp","","https://flagpedia.net/malta"
"Marshall Islands","the-marshall-islands","mh","181","55500","https://flagpedia.net/data/flags/h160/mh.webp","output/flags/mh.webp","","https://flagpedia.net/the-marshall-islands"
"Martinique","martinique","mq","1128","376480","https://flagpedia.net/data/flags/h160/mq.webp","output/flags/mq.webp","","https://flagpedia.net/martinique"
"Mauritania","mauritania","mr","1030700","4077347","https://flagpedia.net/data/flags/h160/mr.webp","output/flags/mr.webp","","https://flagpedia.net/mauritania"
"Mauritius","mauritius","mu","2040","1265985","https://flagpedia.net/data/flags/h160/mu.webp","output/flags/mu.webp","","https://flagpedia.net/mauritius"
"Mayotte","mayotte","yt","374","279471","https://flagpedia.net/data/flags/h160/yt.webp","output/flags/yt.webp","","https://flagpedia.net/mayotte"
"Mexico","mexico","mx","1964380","126577691","https://flagpedia.net/data/flags/h160/mx.webp","output/flags/mx.webp","","https://flagpedia.net/mexico"
"Micronesia","micronesia","fm","702","104468","https://flagpedia.net/data/flags/h160/fm.webp","output/flags/fm.webp","","https://flagpedia.net/micronesia"
"Moldova","moldova","md","33846","2681735","https://flagpedia.net/data/flags/h160/md.webp","output/flags/md.webp","","https://flagpedia.net/moldova"
"Monaco","monaco","mc","2.02","38300","https://flagpedia.net/data/flags/h160/mc.webp","output/flags/mc.webp","","https://flagpedia.net/monaco"
"Mongolia","mongolia","mn","1564110","3304526","https://flagpedia.net/data/flags/h160/mn.webp","output/flags/mn.webp","","https://flagpedia.net/mongolia"
"Montenegro","montenegro","me","13812","622359","https://flagpedia.net/data/flags/h160/me.webp","output/flags/me.webp","","https://flagpedia.net/montenegro"
"Montserrat","montserrat","ms","102","4989","https://flagpedia.net/data/flags/h160/ms.webp","output/flags/ms.webp","","https://flagpedia.net/montserrat"
"Morocco","morocco","ma","446550","35821024","https://flagpedia.net/data/flags/h160/ma.webp","output/flags/ma.webp","","https://flagpedia.net/morocco"
"Mozambique","mozambique","mz","801590","28571310","https://flagpedia.net/data/flags/h160/mz.webp","output/flags/mz.webp","","https://flagpedia.net/mozambique"
"Myanmar","myanmar","mm","676578","54339766","https://flagpedia.net/data/flags/h160/mm.webp","output/flags/mm.webp","","https://flagpedia.net/myanmar"
"Namibia","namibia","na","825615","2458936","https://flagpedia.net/data/flags/h160/na.webp","output/flags/na.webp","","https://flagpedia.net/namibia"
"Nauru","nauru","nr","21","11000","https://flagpedia.net/data/flags/h160/nr.webp","output/flags/nr.webp","","https://flagpedia.net/nauru"
"Nepal","nepal","np","147181","29609623","https://flagpedia.net/data/flags/h160/np.webp","output/flags/np.webp","","https://flagpedia.net/nepal"
"Netherlands","the-netherlands","nl","41850","17438081","https://flagpedia.net/data/flags/h160/nl.webp","output/flags/nl.webp","","https://flagpedia.net/the-netherlands"
"New Caledonia","new-caledonia","nc","18575","282200","https://flagpedia.net/data/flags/h160/nc.webp","output/flags/nc.webp","","https://flagpedia.net/new-caledonia"
"New Zealand","new-zealand","nz","270467","4961213","https://flagpedia.net/data/flags/h160/nz.webp","output/flags/nz.webp","","https://flagpedia.net/new-zealand"
"Nicaragua","nicaragua","ni","130373","6460411","https://flagpedia.net/data/flags/h160/ni.webp","output/flags/ni.webp","","https://flagpedia.net/nicaragua"
"Niger","niger","ne","1267000","22314743","https://flagpedia.net/data/flags/h160/ne.webp","output/flags/ne.webp","","https://flagpedia.net/niger"
"Nigeria","nigeria","ng","923768","200963599","https://flagpedia.net/data/flags/h160/ng.webp","output/flags/ng.webp","","https://flagpedia.net/nigeria"
"Niue","niue","nu","260","1520","https://flagpedia.net/data/flags/h160/nu.webp","output/flags/nu.webp","","https://flagpedia.net/niue"
"Norfolk Island","norfolk-island","nf","36","1756","https://flagpedia.net/data/flags/h160/nf.webp","output/flags/nf.webp","","https://flagpedia.net/norfolk-island"
"North Macedonia","macedonia","mk","25713","2077132","https://flagpedia.net/data/flags/h160/mk.webp","output/flags/mk.webp","","https://flagpedia.net/macedonia"
"Northern Ireland","northern-ireland","gb-nir","14130","1885400","https://flagpedia.net/data/flags/h160/gb-nir.webp","output/flags/gb-nir.webp","","https://flagpedia.net/northern-ireland"
"Northern Mariana Islands","northern-mariana-islands","mp","464","56200","https://flagpedia.net/data/flags/h160/mp.webp","output/flags/mp.webp","","https://flagpedia.net/northern-mariana-islands"
"Norway","norway","no","323802","5356789","https://flagpedia.net/data/flags/h160/no.webp","output/flags/no.webp","","https://flagpedia.net/norway"
"Oman","oman","om","309500","4664790","https://flagpedia.net/data/flags/h160/om.webp","output/flags/om.webp","","https://flagpedia.net/oman"
"Pakistan","pakistan","pk","907132","218741520","https://flagpedia.net/data/flags/h160/pk.webp","output/flags/pk.webp","","https://flagpedia.net/pakistan"
"Palau","palau","pw","459","17900","https://flagpedia.net/data/flags/h160/pw.webp","output/flags/pw.webp","","https://flagpedia.net/palau"
"Palestine","palestine","ps","6020","5051953","https://flagpedia.net/data/flags/h160/ps.webp","output/flags/ps.webp","","https://flagpedia.net/palestine"
"Panama","panama","pa","75417","4218808","https://flagpedia.net/data/flags/h160/pa.webp","output/flags/pa.webp","","https://flagpedia.net/panama"
"Papua New Guinea","papua-new-guinea","pg","462840","8935000","https://flagpedia.net/data/flags/h160/pg.webp","output/flags/pg.webp","","https://flagpedia.net/papua-new-guinea"
"Paraguay","paraguay","py","406752","7152703","https://flagpedia.net/data/flags/h160/py.webp","output/flags/py.webp","","https://flagpedia.net/paraguay"
"Peru","peru","pe","1285220","32131400","https://flagpedia.net/data/flags/h160/pe.webp","output/flags/pe.webp","","https://flagpedia.net/peru"
"Philippines","the-philippines","ph","300000","108323702","https://flagpedia.net/data/flags/h160/ph.webp","output/flags/ph.webp","","https://flagpedia.net/the-philippines"
"Pitcairn Islands","pitcairn-islands","pn","47","50","https://flagpedia.net/data/flags/h160/pn.webp","output/flags/pn.webp","","https://flagpedia.net/pitcairn-islands"
"Poland","poland","pl","312696","38386000","https://flagpedia.net/data/flags/h160/pl.webp","output/flags/pl.webp","","https://flagpedia.net/poland"
"Portugal","portugal","pt","92090","10276617","https://flagpedia.net/data/flags/h160/pt.webp","output/flags/pt.webp","","https://flagpedia.net/portugal"
"Puerto Rico","puerto-rico","pr","8870","3193694","https://flagpedia.net/data/flags/h160/pr.webp","output/flags/pr.webp","","https://flagpedia.net/puerto-rico"
"Qatar","qatar","qa","11586","2747282","https://flagpedia.net/data/flags/h160/qa.webp","output/flags/qa.webp","","https://flagpedia.net/qatar"
"Réunion","reunion","re","2511","859959","https://flagpedia.net/data/flags/h160/re.webp","output/flags/re.webp","","https://flagpedia.net/reunion"
"Romania","romania","ro","238397","19405156","https://flagpedia.net/data/flags/h160/ro.webp","output/flags/ro.webp","","https://flagpedia.net/romania"
"Russia","russia","ru","17098200","146780720","https://flagpedia.net/data/flags/h160/ru.webp","output/flags/ru.webp","","https://flagpedia.net/russia"
"Rwanda","rwanda","rw","26338","12374397","https://flagpedia.net/data/flags/h160/rw.webp","output/flags/rw.webp","","https://flagpedia.net/rwanda"
"Saint Barthélemy","saint-barthelemy","bl","21","9793","https://flagpedia.net/data/flags/h160/bl.webp","output/flags/bl.webp","","https://flagpedia.net/saint-barthelemy"
"Saint Helena, Ascension and Tristan da Cunha","saint-helena-ascension-and-tristan-da-cunha","sh","394","5633","https://flagpedia.net/data/flags/h160/sh.webp","output/flags/sh.webp","","https://flagpedia.net/saint-helena-ascension-and-tristan-da-cunha"
"Saint Kitts and Nevis","saint-kitts-and-nevis","kn","261","52823","https://flagpedia.net/data/flags/h160/kn.webp","output/flags/kn.webp","","https://flagpedia.net/saint-kitts-and-nevis"
"Saint Lucia","saint-lucia","lc","616","178696","https://flagpedia.net/data/flags/h160/lc.webp","output/flags/lc.webp","","https://flagpedia.net/saint-lucia"
"Saint Martin","saint-martin","mf","53","35107","https://flagpedia.net/data/flags/h160/mf.webp","output/flags/mf.webp","","https://flagpedia.net/saint-martin"
"Saint Pierre and Miquelon","saint-pierre-and-miquelon","pm","242","6008","https://flagpedia.net/data/flags/h160/pm.webp","output/flags/pm.webp","","https://flagpedia.net/saint-pierre-and-miquelon"
"Saint Vincent and the Grenadines","saint-vincent-and-the-grenadines","vc","389","110608","https://flagpedia.net/data/flags/h160/vc.webp","output/flags/vc.webp","","https://flagpedia.net/saint-vincent-and-the-grenadines"
"Samoa","samoa","ws","2842","200874","https://flagpedia.net/data/flags/h160/ws.webp","output/flags/ws.webp","","https://flagpedia.net/samoa"
"San Marino","san-marino","sm","61","33574","https://flagpedia.net/data/flags/h160/sm.webp","output/flags/sm.webp","","https://flagpedia.net/san-marino"
"São Tomé and Príncipe","sao-tome-and-principe","st","964","201784","https://flagpedia.net/data/flags/h160/st.webp","output/flags/st.webp","","https://flagpedia.net/sao-tome-and-principe"
"Saudi Arabia","saudi-arabia","sa","2149690","34218169","https://flagpedia.net/data/flags/h160/sa.webp","output/flags/sa.webp","","https://flagpedia.net/saudi-arabia"
"Scotland","scotland","gb-sct","77933","5424800","https://flagpedia.net/data/flags/h160/gb-sct.webp","output/flags/gb-sct.webp","","https://flagpedia.net/scotland"
"Senegal","senegal","sn","196722","16209125","https://flagpedia.net/data/flags/h160/sn.webp","output/flags/sn.webp","","https://flagpedia.net/senegal"
"Serbia","serbia","rs","88361","6963764","https://flagpedia.net/data/flags/h160/rs.webp","output/flags/rs.webp","","https://flagpedia.net/serbia"
"Seychelles","the-seychelles","sc","452","97625","https://flagpedia.net/data/flags/h160/sc.webp","output/flags/sc.webp","","https://flagpedia.net/the-seychelles"
"Sierra Leone","sierra-leone","sl","71740","7901454","https://flagpedia.net/data/flags/h160/sl.webp","output/flags/sl.webp","","https://flagpedia.net/sierra-leone"
"Singapore","singapore","sg","716","5703600","https://flagpedia.net/data/flags/h160/sg.webp","output/flags/sg.webp","","https://flagpedia.net/singapore"
"Sint Maarten","sint-maarten","sx","34","40614","https://flagpedia.net/data/flags/h160/sx.webp","output/flags/sx.webp","","https://flagpedia.net/sint-maarten"
"Slovakia","slovakia","sk","49037","5456362","https://flagpedia.net/data/flags/h160/sk.webp","output/flags/sk.webp","","https://flagpedia.net/slovakia"
"Slovenia","slovenia","si","20273","2094060","https://flagpedia.net/data/flags/h160/si.webp","output/flags/si.webp","","https://flagpedia.net/slovenia"
"Solomon Islands","the-solomon-islands","sb","28896","680806","https://flagpedia.net/data/flags/h160/sb.webp","output/flags/sb.webp","","https://flagpedia.net/the-solomon-islands"
"Somalia","somalia","so","637657","15442905","https://flagpedia.net/data/flags/h160/so.webp","output/flags/so.webp","","https://flagpedia.net/somalia"
"South Africa","south-africa","za","1221040","58775022","https://flagpedia.net/data/flags/h160/za.webp","output/flags/za.webp","","https://flagpedia.net/south-africa"
"South Georgia","south-georgia","gs","3903","0","https://flagpedia.net/data/flags/h160/gs.webp","output/flags/gs.webp","","https://flagpedia.net/south-georgia"
"South Sudan","south-sudan","ss","644329","12778250","https://flagpedia.net/data/flags/h160/ss.webp","output/flags/ss.webp","","https://flagpedia.net/south-sudan"
"Spain","spain","es","505992","47100396","https://flagpedia.net/data/flags/h160/es.webp","output/flags/es.webp","","https://flagpedia.net/spain"
"Sri Lanka","sri-lanka","lk","65610","21803000","https://flagpedia.net/data/flags/h160/lk.webp","output/flags/lk.webp","","https://flagpedia.net/sri-lanka"
"Sudan","sudan","sd","1861480","42295645","https://flagpedia.net/data/flags/h160/sd.webp","output/flags/sd.webp","","https://flagpedia.net/sudan"
"Suriname","suriname","sr","163820","581372","https://flagpedia.net/data/flags/h160/sr.webp","output/flags/sr.webp","","https://flagpedia.net/suriname"
"Svalbard and Jan Mayen","svalbard-and-jan-mayen","sj","61022","0","https://flagpedia.net/data/flags/h160/sj.webp","output/flags/sj.webp","","https://flagpedia.net/svalbard-and-jan-mayen"
"Sweden","sweden","se","450295","10327589","https://flagpedia.net/data/flags/h160/se.webp","output/flags/se.webp","","https://flagpedia.net/sweden"
"Switzerland","switzerland","ch","41284","8586550","https://flagpedia.net/data/flags/h160/ch.webp","output/flags/ch.webp","","https://flagpedia.net/switzerland"
"Syria","syria","sy","185180","17070135","https://flagpedia.net/data/flags/h160/sy.webp","output/flags/sy.webp","","https://flagpedia.net/syria"
"Taiwan","the-republic-of-china","tw","36193","23604265","https://flagpedia.net/data/flags/h160/tw.webp","output/flags/tw.webp","","https://flagpedia.net/the-republic-of-china"
"Tajikistan","tajikistan","tj","143100","9127000","https://flagpedia.net/data/flags/h160/tj.webp","output/flags/tj.webp","","https://flagpedia.net/tajikistan"
"Tanzania","tanzania","tz","945087","55890747","https://flagpedia.net/data/flags/h160/tz.webp","output/flags/tz.webp","","https://flagpedia.net/tanzania"
"Thailand","thailand","th","513120","66474267","https://flagpedia.net/data/flags/h160/th.webp","output/flags/th.webp","","https://flagpedia.net/thailand"
"Timor-Leste","east-timor","tl","14919","1387149","https://flagpedia.net/data/flags/h160/tl.webp","output/flags/tl.webp","","https://flagpedia.net/east-timor"
"Togo","togo","tg","56785","7538000","https://flagpedia.net/data/flags/h160/tg.webp","output/flags/tg.webp","","https://flagpedia.net/togo"
"Tokelau","tokelau","tk","12","1400","https://flagpedia.net/data/flags/h160/tk.webp","output/flags/tk.webp","","https://flagpedia.net/tokelau"
"Tonga","tonga","to","747","100651","https://flagpedia.net/data/flags/h160/to.webp","output/flags/to.webp","","https://flagpedia.net/tonga"
"Trinidad and Tobago","trinidad-and-tobago","tt","5130","1363985","https://flagpedia.net/data/flags/h160/tt.webp","output/flags/tt.webp","","https://flagpedia.net/trinidad-and-tobago"
"Tunisia","tunisia","tn","163610","11722038","https://flagpedia.net/data/flags/h160/tn.webp","output/flags/tn.webp","","https://flagpedia.net/tunisia"
"Turkey","turkey","tr","783562","83154997","https://flagpedia.net/data/flags/h160/tr.webp","output/flags/tr.webp","","https://flagpedia.net/turkey"
"Turkmenistan","turkmenistan","tm","488100","5942089","https://flagpedia.net/data/flags/h160/tm.webp","output/flags/tm.webp","","https://flagpedia.net/turkmenistan"
"Turks and Caicos Islands","turks-and-caicos-islands","tc","948","41369","https://flagpedia.net/data/flags/h160/tc.webp","output/flags/tc.webp","","https://flagpedia.net/turks-and-caicos-islands"
"Tuvalu","tuvalu","tv","26","10200","https://flagpedia.net/data/flags/h160/tv.webp","output/flags/tv.webp","","https://flagpedia.net/tuvalu"
"Uganda","uganda","ug","241550","40299300","https://flagpedia.net/data/flags/h160/ug.webp","output/flags/ug.webp","","https://flagpedia.net/uganda"
"Ukraine","ukraine","ua","603500","41902416","https://flagpedia.net/data/flags/h160/ua.webp","output/flags/ua.webp","","https://flagpedia.net/ukraine"
"United Arab Emirates","the-united-arab-emirates","ae","83600","9770529","https://flagpedia.net/data/flags/h160/ae.webp","output/flags/ae.webp","","https://flagpedia.net/the-united-arab-emirates"
"United Kingdom","the-united-kingdom","gb","242495","66435600","https://flagpedia.net/data/flags/h160/gb.webp","output/flags/gb.webp","","https://flagpedia.net/the-united-kingdom"
"United States","the-united-states","us","9833520","329345637","https://flagpedia.net/data/flags/h160/us.webp","output/flags/us.webp","","https://flagpedia.net/the-united-states"
"United States Minor Outlying Islands","united-states-minor-outlying-islands","um","34","300","https://flagpedia.net/data/flags/h160/um.webp","output/flags/um.webp","","https://flagpedia.net/united-states-minor-outlying-islands"
"Uruguay","uruguay","uy","176215","3518552","https://flagpedia.net/data/flags/h160/uy.webp","output/flags/uy.webp","","https://flagpedia.net/uruguay"
"Uzbekistan","uzbekistan","uz","447400","34034952","https://flagpedia.net/data/flags/h160/uz.webp","output/flags/uz.webp","","https://flagpedia.net/uzbekistan"
"Vanuatu","vanuatu","vu","12189","304500","https://flagpedia.net/data/flags/h160/vu.webp","output/flags/vu.webp","","https://flagpedia.net/vanuatu"
"Vatican City","the-vatican-city","va","0.44","799","https://flagpedia.net/data/flags/h160/va.webp","output/flags/va.webp","","https://flagpedia.net/the-vatican-city"
"Venezuela","venezuela","ve","916445","32219521","https://flagpedia.net/data/flags/h160/ve.webp","output/flags/ve.webp","","https://flagpedia.net/venezuela"
"Vietnam","vietnam","vn","331212","96208984","https://flagpedia.net/data/flags/h160/vn.webp","output/flags/vn.webp","","https://flagpedia.net/vietnam"
"British Virgin Islands","british-virgin-islands","vg","151","30030","https://flagpedia.net/data/flags/h160/vg.webp","output/flags/vg.webp","","https://flagpedia.net/british-virgin-islands"
"United States Virgin Islands","united-states-virgin-islands","vi","347","104578","https://flagpedia.net/data/flags/h160/vi.webp","output/flags/vi.webp","","https://flagpedia.net/united-states-virgin-islands"
"Wales","wales","gb-wls","20779","3139000","https://flagpedia.net/data/flags/h160/gb-wls.webp","output/flags/gb-wls.webp","","https://flagpedia.net/wales"
"Wallis and Futuna","wallis-and-futuna","wf","142","11700","https://flagpedia.net/data/flags/h160/wf.webp","output/flags/wf.webp","","https://flagpedia.net/wallis-and-futuna"
"Western Sahara","western-sahara","eh","266000","582463","https://flagpedia.net/data/flags/h160/eh.webp","output/flags/eh.webp","","https://flagpedia.net/western-sahara"
"Yemen","yemen","ye","527968","29161922","https://flagpedia.net/data/flags/h160/ye.webp","output/flags/ye.webp","","https://flagpedia.net/yemen"
"Zambia","zambia","zm","752612","17381168","https://flagpedia.net/data/flags/h160/zm.webp","output/flags/zm.webp","","https://flagpedia.net/zambia"
"Zimbabwe","zimbabwe","zw","390757","15159624","https://flagpedia.net/data/flags/h160/zw.webp","output/flags/zw.webp","","https://flagpedia.net/zimbabwe"